timestamp,ax,ay,az,gx,gy,gz
4123044,0.8344,-0.1615,0.5302,18.2495,21.0571,-5.3101
4123064,0.9419,-0.2317,0.5195,13.1836,18.1885,-6.1035
4123084,1.1049,-0.2944,0.5151,8.1177,15.0146,-6.6528
4123104,1.2733,-0.3274,0.5065,8.606,9.3994,-5.6152
4123124,1.4784,-0.3257,0.5046,12.8174,4.0283,-3.1128
4123144,1.5153,-0.2853,0.4824,18.3105,-4.5166,2.3804
4123164,1.5007,-0.2605,0.4523,19.7754,-12.207,6.2256
4123185,1.3982,-0.2909,0.4412,20.9351,-18.1274,9.9487
4123205,1.2755,-0.3291,0.4208,23.7427,-23.4375,13.1836
4123225,1.1631,-0.3228,0.4066,26.5503,-26.4893,15.2588
4123245,1.0131,-0.2987,0.3734,28.0762,-28.8696,17.7612
4123265,0.7755,-0.2526,0.3484,29.1748,-29.7852,23.4985
4123285,0.6315,-0.2225,0.3556,29.2358,-29.48,44.9829
4123305,0.5548,-0.2284,0.3904,28.5034,-27.5269,36.438
4123328,0.5417,-0.3265,0.452,21.3013,-22.4609,45.2881
4123348,0.5499,-0.392,0.5155,6.958,-13.0005,45.6543
4123369,0.5117,-0.4698,0.4987,0.6104,-7.9956,41.4429
4123389,0.4952,-0.4636,0.4658,-3.7231,-2.1973,37.3535
4123409,0.4913,-0.3857,0.4379,-11.4136,4.4556,34.79
4123429,0.4364,-0.3368,0.3677,-19.8975,10.6201,33.2642
4123449,0.325,-0.2778,0.3363,-28.7476,17.2729,30.1514
4123473,0.2098,-0.177,0.3364,-49.4385,27.771,26.062
4123493,0.34,-0.1959,0.4794,-72.6318,46.5698,17.5171
4123513,0.6801,-0.0773,0.4106,-83.9844,51.1475,3.2959
4123537,1.001,0.1443,0.6866,-70.1294,78.3081,5.188
4123557,1.1362,0.2025,0.4673,-64.27,41.9312,21.1792
4123577,1.4104,0.2445,0.5099,-72.6318,29.9683,13.0615
4123597,1.6447,0.2451,0.5917,-78.4912,16.2354,11.0474
4123621,1.7469,0.3232,0.5774,-66.4673,-11.8408,-10.1318
4123641,1.6294,0.3607,0.6146,-58.6548,-29.4189,-26.1841
4123662,1.5272,0.4495,0.6301,-47.4243,-21.1792,-33.9966
4123682,1.3799,0.4146,0.6024,-37.6587,-19.5312,-39.917
4123702,1.1559,0.3396,0.4873,-23.1934,-18.2495,-42.7856
4123722,1.0219,0.2822,0.4518,-11.7188,-19.7144,-44.0674
4123744,0.777,0.2179,0.416,-1.0376,-22.583,-46.4478
4123764,0.6121,0.1896,0.3778,5.9204,-23.9258,-46.2646
4123784,0.3781,0.1797,0.3241,35.7056,-27.1606,-42.9688
4123805,0.2922,0.217,0.3108,54.8096,-22.8882,-41.1987
4123825,0.1796,0.2168,0.1709,76.9043,-23.4985,-25.2686
4123845,-0.2601,0.4117,0.2371,83.6182,-32.1655,-2.1362
4123865,-0.176,0.2991,0.2772,87.9517,-1.0986,13.6108
4123885,-0.1484,0.2767,0.2477,102.5391,25.3296,20.3247
4123905,-0.0863,0.078,0.4746,115.2954,56.2134,31.6772
4123925,1.1036,-0.5685,-0.0861,91.2476,90.9424,30.8838
4123945,1.8684,-0.6329,0.9193,-6.1646,180.6641,-10.5591
4123965,1.2903,-0.5293,0.5055,77.6367,37.1094,28.5645
4123985,1.1559,-0.3961,0.5443,115.9668,-43.7012,45.0439
4124005,1.1646,-0.5947,0.4886,115.6006,-66.1011,47.7295
4124025,1.2335,-0.4731,0.6171,104.3091,-15.4419,39.5508
4124045,1.444,-0.4607,0.5936,78.4912,-9.1553,48.0957
4124065,1.3203,-0.4829,0.5319,70.6177,-8.8501,61.9507
4124085,1.1532,-0.4166,0.4928,70.6787,6.5308,69.6411
4124105,1.0046,-0.3188,0.4725,68.0542,19.4702,73.6084
4124125,0.803,-0.3458,0.4333,61.4014,15.564,75.3174
4124145,0.4969,-0.3761,0.3271,55.1147,10.498,75.3784
4124165,0.3784,-0.314,0.3594,65.4297,-3.54,76.5991
4124185,0.3575,-0.3442,0.3058,85.9375,-28.3203,69.0918
4124205,0.0088,-0.4086,0.1742,87.6465,-44.6167,49.5605
4124225,-0.0532,-0.3779,0.0326,77.0874,-45.3491,31.0669
4124245,-0.0129,-0.3872,0.1356,-2.9297,-33.6304,17.4561
4124265,0.1011,-0.4224,0.167,-58.7769,3.418,9.7046
4124285,0.6628,-0.5691,-0.438,-267.1509,3.8452,-2.9297
4124305,2.6761,1.3467,3.0615,-364.1968,267.8833,-88.6841
4124325,1.5101,0.2278,0.441,-48.3398,8.9111,18.6768
4124345,1.2909,0.1481,0.6218,-88.501,8.7891,9.5215
4124365,0.6818,0.2531,0.4373,-99.8535,-6.6528,1.5259
4124385,1.1327,0.1919,0.7452,-105.7129,11.1084,2.3804
4124405,1.4031,0.0363,0.5092,-78.9795,-83.8013,-39.3066
4124425,1.319,0.1439,0.5193,-72.6929,-68.1763,-47.0581
4124445,1.319,0.256,0.4702,-52.6123,-40.7104,-52.9175
4124465,1.213,0.267,0.4211,-52.6123,-22.522,-47.6685
4124485,1.094,0.2371,0.4048,-53.2837,-22.0337,-43.7622
4124505,0.8757,0.2776,0.4027,-43.0908,-16.6626,-45.9595
4124525,0.7144,0.3052,0.3809,-26.8555,-18.0054,-43.7622
4124545,0.5656,0.3124,0.3512,-11.4746,-26.6113,-42.4805
4124565,0.3783,0.3002,0.3456,7.019,-70.0684,-34.3018
4124585,0.3184,0.3201,0.3579,35.1562,-67.627,-26.5503
4124605,0.2533,0.139,0.2026,65.7349,-57.9834,-22.1558
4124625,0.1499,0.1405,0.1316,58.1055,-53.1006,-19.043
4124645,0.0735,0.1211,0.1997,61.4014,-40.1001,-9.0332
4124665,0.0458,0.0723,0.2991,64.6362,-17.7002,4.4556
4124687,1.2703,-0.4187,0.7515,-21.8506,28.6865,18.3716
4124707,1.4385,-0.1624,1.5139,2.7466,125.061,6.6528
4124730,0.9648,-0.1772,0.8591,33.9355,15.8081,39.6729
4124750,1.2605,-0.3302,0.8176,59.9365,-23.6206,31.4941
4124771,0.985,-0.3546,0.8364,85.144,-76.5991,28.8696
4124791,1.256,-0.1521,0.8308,96.0693,-20.3247,25.4517
4124811,1.3999,-0.1658,0.9044,81.8481,-19.7144,39.5508
4124831,1.2764,-0.396,0.7872,76.355,-26.5503,48.1567
4124851,1.1636,-0.3594,0.6954,70.5566,-7.8125,58.8989
4124871,1.0089,-0.3435,0.6215,59.4482,12.8784,72.0215
4124891,0.7235,-0.3416,0.4685,52.3071,17.9443,75.8057
4124911,0.6028,-0.369,0.4207,41.626,24.4751,73.8525
4124931,0.4905,-0.333,0.3688,33.8745,17.2729,70.0073
4124951,0.381,-0.2947,0.344,28.3203,10.498,65.4907
4124974,0.1949,-0.3298,0.3302,35.5835,-30.1514,58.7158
4124994,0.0747,-0.3575,0.2213,42.1753,-51.0254,46.1426
4125014,-0.0011,-0.255,0.3009,33.3862,-34.5459,20.813
4125035,-0.0167,-0.1272,0.3937,22.7661,-37.4146,13.1226
4125055,-0.0884,-0.2207,0.1752,-48.2788,16.2354,11.4746
4125075,0.3933,-0.4762,0.0768,-134.5825,42.1143,5.7983
4125095,1.9736,-0.1151,1.5052,-306.3965,106.9336,-26.6724
4125115,0.7704,0.3602,0.7731,-24.7803,53.5889,-34.668
4125135,1.2076,0.0753,0.9196,-51.6968,17.334,5.6152
4125155,0.7229,0.1115,0.5944,-76.9653,-4.5776,-13.1836
4125175,1.5134,-0.1467,0.9388,-101.9287,81.7871,7.7515
4125195,1.4646,0.104,0.7024,-76.0498,-52.124,-39.3677
4125215,1.3834,0.0911,0.7283,-68.8477,-49.1943,-36.2549
4125235,1.3375,0.2159,0.5902,-53.894,-36.8042,-46.0205
4125255,1.2223,0.2377,0.4988,-50.0488,-12.8784,-45.7764
4125275,0.9932,0.2611,0.4813,-47.3633,-11.9019,-47.7295
4125295,0.7595,0.2596,0.476,-29.48,-11.1084,-50.0488
4125315,0.5975,0.228,0.4979,-12.6343,-4.5776,-51.6357
4125335,0.4677,0.2156,0.3889,-2.4414,-14.5874,-46.9971
4125355,0.1891,0.2252,0.3369,26.3672,-38.208,-40.7715
4125375,0.1705,0.2878,0.3522,52.063,-42.0532,-40.9546
4125395,0.1055,0.3112,0.0703,72.4487,-40.7104,-25.4517
4125415,0.0165,0.3015,0.1293,57.6782,-35.9497,-9.7046
4125435,0.0804,0.2316,0.1792,54.6265,-16.7236,0.7935
4125455,0.0781,0.0702,0.5039,48.8281,43.7622,9.2773
4125477,2.2238,-0.2356,1.261,25.6348,95.8252,2.6855
4125497,0.7992,-0.5162,0.8672,56.5186,27.4048,50.5371
4125517,1.1204,-0.2565,0.8057,82.3975,-25.3296,33.3862
4125537,1.0056,-0.4015,0.6954,94.1772,-36.7432,39.978
4125557,0.7891,-0.4492,0.6875,115.7227,-35.5835,48.5229
4125577,1.3511,-0.3486,0.7861,116.5771,-1.4038,62.3169
4125597,1.4191,-0.4753,0.7772,110.5957,-29.8462,77.8809
4125619,1.1564,-0.5911,0.6654,107.7271,-31.1279,84.4116
4125640,0.9926,-0.5197,0.5565,103.3325,-8.728,90.5762
4125660,0.8831,-0.4741,0.501,93.5059,2.9297,96.6797
4125680,0.7594,-0.4266,0.4595,84.7778,8.4229,97.9004
4125702,0.623,-0.442,0.4176,75.2563,6.7749,95.0928
4125722,0.4447,-0.4264,0.3473,63.3545,-4.6387,87.7075
4125742,0.3912,-0.4138,0.2872,59.8145,-10.9253,81.2988
4125762,0.3387,-0.3361,0.2214,68.7256,-25.4517,70.8618
4125782,0.3435,-0.3252,0.2142,75.5615,-37.7197,62.0117
4125802,0.1201,-0.397,0.2595,64.6973,-41.5649,47.2412
4125822,0.0006,-0.2753,0.2251,31.8604,-28.6865,41.8091
4125842,-0.1818,-0.2841,0.3002,-43.2739,-14.2212,37.7808
4125862,-0.011,-0.3898,0.3777,-97.4121,12.6343,29.6021
4125882,1.0211,-0.4294,0.0896,-307.8613,82.8247,5.0659
4125902,1.4608,0.76,1.2412,-69.7632,56.0303,-34.4849
4125922,0.432,-0.014,0.8925,-71.6553,15.1367,25.0854
4125942,0.9891,0.1024,0.6312,-82.5195,-13.6719,-4.7607
4125964,0.8647,0.2921,0.7218,-94.7266,43.8843,-8.1177
4125984,1.4943,0.1123,0.7056,-84.1064,-50.293,-32.8369
4126005,1.3589,0.1738,0.8004,-78.3081,-41.4429,-41.4429
4126026,1.3175,0.222,0.6704,-56.3965,-29.2969,-40.1001
4126046,1.2983,0.2865,0.6294,-55.6641,-5.7373,-44.8608
4126066,1.2574,0.285,0.5764,-63.0493,2.6245,-46.0205
4126086,1.0183,0.2815,0.4692,-56.5796,7.8735,-47.9126
4126106,0.7296,0.2518,0.3833,-38.0249,13.1836,-49.3164
4126126,0.645,0.2115,0.2981,-21.2402,5.0049,-51.4526
4126150,0.4297,0.2244,0.1768,7.8735,-14.4653,-51.2085
4126170,0.345,0.2744,0.1666,45.8984,-17.0898,-51.0254
4126192,0.371,0.1912,0.12,52.9785,-21.3623,-55.542
4126212,0.1285,0.1975,0.0592,72.3877,-35.2173,-53.0396
4126232,0.0259,0.2614,0.1929,77.2705,-54.6265,-42.1753
4126252,0.0947,0.1082,0.3715,58.4106,-34.9121,-17.1509
4126272,0.8759,0.1129,0.407,35.0952,-3.54,-4.8828
4126292,1.8955,-0.3993,1.4873,76.4771,76.4771,11.9629
4126312,0.9849,-0.2161,0.877,80.9937,30.5786,34.9731
4126332,1.1051,-0.3378,0.6708,83.6792,-25.2075,41.1987
4126352,0.804,-0.5267,0.7687,87.4023,-69.397,49.9268
4126373,0.8936,-0.5836,0.8057,98.0225,-77.0874,54.1992
4126393,1.3258,-0.3351,0.8837,110.5957,-30.2734,54.3213
4126413,1.2362,-0.4962,0.787,100.9521,-34.6069,77.9419
4126433,1.1711,-0.5342,0.7501,98.4497,-21.3013,83.313
4126453,1.0718,-0.5492,0.6354,90.6982,-7.2632,84.9609
4126473,0.9362,-0.4905,0.5829,84.1064,2.8687,85.083
4126493,0.6749,-0.3843,0.4847,76.4771,8.3008,83.9233
4126513,0.5333,-0.3677,0.4565,74.2188,6.7749,80.4443
4126533,0.4167,-0.3726,0.3979,75.5615,4.8218,74.3408
4126553,0.265,-0.2804,0.3069,67.8101,0.6714,71.8994
4126573,0.3223,-0.2499,0.3013,66.8335,-18.8599,73.7915
4126593,0.2509,-0.3441,0.1718,58.6548,-29.7852,55.1147
4126613,0.0201,-0.4727,0.2081,41.687,-23.8037,36.3159
4126634,-0.0121,-0.3146,0.1915,-4.2114,-18.5547,27.9541
4126654,-0.0272,-0.2203,0.5045,-60.2417,7.7515,20.4468
4126695,3.9417,1.0673,2.0651,-348.877,85.2661,18.3716
4126717,-0.3318,-0.198,0.6677,-95.1538,6.4087,2.1362
4126737,1.2455,-0.0068,0.8212,-99.9146,37.3535,4.6997
4126757,0.6134,0.3179,0.7267,-95.8862,28.8696,-19.104
4126777,1.402,0.0262,0.8409,-105.1636,9.2773,-28.5645
4126817,1.3817,0.2753,0.7593,-78.8574,-22.7661,-51.3916
4126837,1.4092,0.3134,0.6412,-64.6973,-1.9531,-56.3354
4126861,1.3096,0.2329,0.5214,-72.4487,21.3013,-62.561
4126884,1.1305,0.2501,0.4274,-70.9229,31.4941,-71.4111
4126905,0.8398,0.2037,0.3099,-58.5327,35.0342,-70.7397
4126925,0.7625,0.1782,0.2898,-41.1377,28.6255,-70.0073
4126945,0.6591,0.316,0.2616,-5.9814,5.9814,-64.7583
4126965,0.4779,0.3152,0.22,9.8877,-21.3013,-53.4058
4126985,0.3602,0.225,0.1772,53.2837,-43.6401,-56.0913
4127007,0.2594,0.2968,0.1067,41.1987,-52.9175,-57.5562
4127027,0.1619,0.3409,0.1169,78.5522,-51.3916,-36.1938
4127047,0.0027,0.3429,0.121,70.3125,-37.4146,-9.0942
4127069,0.0768,0.3297,0.2311,80.4443,-25.3906,5.6152
4127092,0.0359,0.1257,0.7478,75.8057,11.5356,18.3105
4127112,3.9995,-0.5549,1.4598,15.9912,130.0659,-6.4087
4127132,0.8782,-0.4711,1.1698,67.0776,84.4116,20.1416
4127152,1.2856,-0.6688,0.8551,64.9414,-74.1577,18.4937
4127172,0.5858,-0.3276,0.5756,93.4448,-96.3745,27.771
4127192,0.3766,-0.3475,0.8909,104.7974,-105.4688,28.9917
4127212,1.0428,-0.0854,0.8185,119.5679,-48.645,33.2031
4127232,1.0564,-0.3644,0.8132,90.8813,-41.626,61.7676
4127252,1.1045,-0.4971,0.7389,72.1436,-17.7612,68.6646
4127272,1.0598,-0.5828,0.6421,66.7725,-14.0381,61.0352
4127292,0.9747,-0.5089,0.5872,69.7021,-12.0239,59.2041
4127316,0.7653,-0.4547,0.4667,68.7256,-3.0518,57.8613
4127336,0.635,-0.4208,0.4963,58.7158,3.9673,60.1196
4127358,0.5446,-0.4056,0.4822,54.6265,2.8076,59.6924
4127378,0.4757,-0.3796,0.4354,45.3491,1.2817,59.2041
4127398,0.2739,-0.2482,0.3567,51.5747,0.4272,57.5562
4127418,0.2335,-0.226,0.3436,53.894,-1.0376,55.4199
4127439,0.2411,-0.2439,0.1517,46.0205,1.9531,53.772
4127459,0.276,-0.3335,0.2389,31.5552,4.2725,49.0112
4127482,0.1821,-0.3083,0.229,-7.4463,11.9019,40.0391
4127502,0.0361,-0.351,0.3324,-67.0166,32.8979,27.771
4127522,0.4572,-0.5426,0.4341,-118.5303,50.415,25.4517
4127545,3.2795,0.3616,0.1064,-382.0801,95.3979,8.606
4127565,-0.1548,-0.1902,0.5729,-75.8057,31.25,-9.2773
4127589,1.2883,0.0198,0.7189,-111.3892,35.0342,11.5356
4127609,0.6813,0.3052,0.4399,-109.7412,18.3105,-12.7563
4127631,1.4003,0.1575,0.6511,-109.6802,-29.2969,-33.02
4127651,1.427,0.2104,0.7404,-99.4873,-53.2227,-45.8984
4127671,1.4248,0.2914,0.6689,-75.7446,-54.8096,-42.6636
4127691,1.3787,0.355,0.6299,-63.4155,-18.5547,-44.3115
4127711,1.4088,0.2944,0.5994,-65.2466,-14.4043,-47.2412
4127733,1.2826,0.3098,0.5016,-63.1104,-12.085,-52.6733
4127753,1.1046,0.3088,0.4475,-59.4482,-11.1694,-54.9316
4127773,0.8995,0.2966,0.4143,-45.5322,-14.2212,-57.6172
4127793,0.7557,0.2994,0.3684,-34.8511,-26.4282,-56.2744
4127813,0.5754,0.2491,0.3429,-13.3057,-33.8135,-56.2134
4127836,0.3527,0.2284,0.3143,6.897,-39.7339,-56.6406
4127856,0.2571,0.3022,0.3489,39.4287,-55.6641,-59.1431
4127876,0.2075,0.3654,0.2708,63.4766,-49.0723,-48.7671
4127896,0.1689,0.3314,0.2656,61.4624,-34.729,-38.7573
4127916,0.0786,0.1908,0.1256,63.3545,-11.9629,-26.9165
4127936,0.3431,0.1871,0.5524,56.8237,5.4321,-9.4604
4127956,0.8356,-0.1704,0.9916,34.4238,53.833,4.7607
4127976,1.3325,-0.4198,1.2994,73.2422,74.585,1.0376
4127996,1.0264,-0.2184,0.9961,59.9365,30.3345,17.6392
4128016,1.0411,-0.4525,0.6283,60.4858,-21.7896,21.6064
4128036,0.9163,-0.4418,0.6881,76.4771,-61.5234,27.71
4128056,0.6063,-0.3204,0.8055,88.3789,-59.3872,33.2031
4128076,0.9672,-0.2798,0.7461,94.3604,-25.4517,38.7573
4128096,1.1364,-0.2804,0.7449,80.7495,-19.8975,55.9082
4128116,1.229,-0.442,0.6716,68.2983,-16.4185,67.9932
4128136,1.2344,-0.5406,0.6381,63.8428,-13.5498,73.1201
4128156,1.1378,-0.5153,0.6849,60.3027,-4.4556,70.3125
4128176,1.019,-0.4611,0.5841,60.6689,1.6479,69.397
4128197,0.8677,-0.4082,0.4985,60.9741,5.4321,66.04
4128218,0.6787,-0.3658,0.4956,57.6782,9.4604,62.6221
4128238,0.6245,-0.3633,0.5165,55.603,11.1084,59.6924
4128258,0.484,-0.3408,0.4878,53.5278,6.897,55.542
4128278,0.3929,-0.2418,0.3689,50.5981,-2.2583,55.7251
4128298,0.3719,-0.1885,0.3037,45.166,-9.8267,55.9082
4128318,0.3433,-0.2662,0.2285,39.3677,-13.1836,54.9316
4128338,0.2922,-0.2836,0.2166,32.6538,-21.1792,47.1191
4128358,0.0499,-0.4948,0.1376,-23.5596,-22.7661,26.5503
4128381,0.1239,-0.4491,0.1874,-131.0425,0.2441,15.1978
4128402,0.657,-0.1775,0.4,-164.1235,12.5122,2.8687
4128422,0.9957,0.0709,0.5448,-218.2007,83.313,-19.7144
4128442,1.3188,0.7871,1.4395,-146.8506,173.2788,-15.1367
4128462,0.7213,0.3416,0.6459,-78.7964,44.1895,2.5635
4128485,0.9407,0.2124,0.588,-76.9653,18.1274,5.6152
4128505,0.7328,0.36,0.4987,-62.9272,-0.7935,-15.686
4128525,1.415,0.1799,0.6581,-69.0308,-43.9453,-34.79
4128545,1.3298,0.1022,0.6528,-70.1294,-79.895,-45.7764
4128565,1.4025,0.151,0.6917,-70.2515,-61.7676,-47.1191
4128585,1.3623,0.3135,0.7002,-62.9883,-44.3115,-51.9409
4128605,1.2186,0.349,0.6821,-62.6831,-23.1934,-54.6875
4128625,1.1904,0.3182,0.63,-56.3354,-19.8975,-55.9692
4128645,0.9982,0.2571,0.5508,-53.5889,-14.8315,-60.4248
4128665,0.8091,0.2667,0.4839,-34.6069,-16.9678,-68.2983
4128685,0.7424,0.3074,0.5027,-8.9111,-17.4561,-64.8193
4128705,0.541,0.3291,0.4767,2.6855,-22.7661,-62.1948
4128725,0.3031,0.2521,0.3838,43.8843,-38.6963,-50.9033
4128749,0.1732,0.3099,0.2644,63.1714,-46.7529,-42.7856
4128769,0.1744,0.3058,0.2654,65.2466,-47.8516,-27.832
4128789,0.1676,0.1556,0.251,69.9463,-31.3721,-14.4653
4128809,0.0209,0.0886,0.1757,58.3496,-10.9253,-5.7983
4128830,0.1316,0.042,0.2627,67.1997,7.3242,0.8545
4128851,1.2308,-0.3723,0.7274,4.5166,45.0439,7.0801
4128871,1.079,-0.3792,1.4886,15.7471,122.4976,-3.479
4128891,0.6873,-0.3369,0.9569,69.0308,20.6299,34.1797
4128911,1.0651,-0.3248,0.7672,81.7261,-23.7427,32.8369
4128931,0.7036,-0.3889,0.7505,85.144,-58.7158,34.729
4128951,0.8104,-0.4292,0.777,86.6699,-46.814,35.6445
4128972,1.1556,-0.3577,0.8801,81.9702,-6.4697,29.3579
4128992,1.2841,-0.4009,0.8551,68.1763,-26.9165,49.5605
4129012,1.2418,-0.4651,0.7864,59.3262,-21.6064,66.2231
4129032,1.1989,-0.4662,0.7378,55.3589,-11.4136,66.2842
4129053,1.0793,-0.3741,0.6561,52.7954,-7.1411,64.5752
4129073,0.9222,-0.3433,0.5676,51.9409,-4.9438,65.4297
4129093,0.7354,-0.3325,0.5599,49.4995,-0.6714,64.7583
4129117,0.5835,-0.3164,0.5038,44.6167,-0.1221,64.209
4129137,0.4159,-0.3015,0.4482,36.377,-1.4648,62.561
4129157,0.318,-0.2875,0.3549,28.9307,-1.5259,60.73
4129177,0.338,-0.2961,0.3391,28.5034,2.3804,54.4434
4129197,0.4017,-0.3311,0.3699,44.5557,-10.9253,41.8701
4129217,0.2761,-0.3412,0.2665,47.1191,-14.2212,29.4189
4129237,0.2023,-0.2917,0.1947,25.1465,-9.7046,23.2544
4129257,0.1022,-0.2666,0.2473,-42.4194,2.3193,15.5029
4129280,0.3833,-0.2802,0.3188,-97.0459,10.376,14.8926
4129300,0.9683,-0.0803,0.5155,-288.5742,61.7065,7.2632
4129320,0.7296,0.0986,0.8768,-132.6904,89.9048,-8.9111
4129340,0.6738,0.0626,0.7329,-99.3042,3.1128,0.1221
4129360,0.9603,0.0653,0.5898,-96.1304,22.3999,-21.7285
4129380,0.5732,0.2798,0.6556,-90.7593,-5.5542,-37.8418
4129400,1.0201,0.2257,0.7549,-93.8721,-16.8457,-48.0347
4129420,1.1346,0.2759,0.7675,-91.0645,-39.3677,-74.2798
4129444,1.2544,0.2783,0.765,-86.0596,-44.5557,-63.4155
4129464,1.285,0.3171,0.7694,-80.4443,-29.3579,-61.4624
4129484,1.2863,0.2799,0.7419,-76.9043,-3.7842,-60.3638
4129506,1.3649,0.345,0.674,-68.4814,0.3052,-59.5703
4129526,1.2651,0.3715,0.5935,-60.3638,-1.2817,-59.8755
4129546,1.0303,0.3334,0.5421,-54.2603,-6.2256,-61.0962
4129566,0.9358,0.2977,0.5211,-33.8135,-12.4512,-59.9976
4129586,0.7462,0.2667,0.4363,-16.4795,-8.8501,-58.1665
4129606,0.5784,0.2217,0.416,3.54,-3.7842,-56.8237
4129626,0.3593,0.3141,0.3772,49.0723,-4.6387,-58.7158
4129647,0.4208,0.3306,0.3247,52.7954,-23.0103,-52.124
4129667,0.2411,0.3513,0.1349,60.8521,-29.541,-39.6118
4129687,-0.0435,0.2308,0.2115,59.8755,-23.0713,-27.0996
4129707,0.0599,0.0198,0.311,53.6499,4.9438,-10.376
4129727,0.28,0.0447,0.4492,57.7393,23.4375,-2.0752
4129747,0.8784,-0.2637,0.8246,25.6958,50.8423,5.4321
4129768,1.5702,-0.5898,1.1587,39.856,59.082,2.8076
4129788,0.9301,-0.3605,0.8615,78.5522,-5.5542,23.0103
4129808,0.958,-0.4747,0.6738,74.707,-47.4854,22.9492
4129828,0.5339,-0.4056,0.7101,80.8105,-52.002,19.9585
4129848,0.6082,-0.4111,0.8076,84.2285,-42.7246,26.123
4129868,1.2065,-0.324,0.8226,88.2568,-15.3198,33.9355
4129888,1.2874,-0.4803,0.743,74.585,-25.0854,53.1006
4129908,1.3145,-0.5765,0.7026,51.9409,-22.7051,64.7583
4129928,1.2384,-0.5168,0.7134,46.3257,-18.6768,64.3921
4129948,1.1294,-0.434,0.6986,47.7295,-17.1509,65.0635
4129968,1.0217,-0.3806,0.6104,47.4854,-13.5498,65.979
4129988,0.7751,-0.3536,0.5811,46.4478,-8.1787,66.8335
4130008,0.6251,-0.3838,0.5592,41.4429,-3.479,64.1479
4130028,0.4991,-0.3496,0.4694,34.729,-3.1738,62.8052
4130048,0.3116,-0.292,0.4368,31.25,-3.7842,59.5703
4130071,0.1986,-0.3049,0.4015,23.0713,-1.1597,56.3965
4130091,0.3552,-0.2949,0.3369,27.9541,-0.8545,48.0347
4130111,0.344,-0.3102,0.3202,38.6963,-6.3477,37.7808
4130131,0.1282,-0.3818,0.3347,33.5083,-8.0566,26.8555
4130151,0.0272,-0.2831,0.2902,2.8076,7.019,20.9351
4130173,0.0078,-0.3185,0.5825,-57.9224,15.564,17.0288
4130193,1.0026,-0.4165,-0.0577,-135.0098,34.79,12.6953
4130213,1.9141,0.5029,2.2161,-337.8296,93.8721,1.2817
4130233,0.6111,0.3418,0.8196,-96.9238,73.4253,-15.8081
4130253,1.0068,0.1694,0.7523,-107.3608,48.645,2.6245
4130273,0.7878,0.1835,0.7148,-101.6846,-0.9155,-18.9819
4130293,0.8865,0.3181,0.7858,-104.9805,25.3906,-18.4937
4130333,1.3259,0.2393,0.7533,-78.3691,-37.7808,-48.7671
4130356,1.3156,0.2738,0.6451,-66.4673,-26.3062,-42.6636
4130376,1.3613,0.2465,0.5612,-71.8384,-1.709,-44.9829
4130396,1.2916,0.3252,0.4521,-70.5566,4.3945,-47.3633
4130419,1.1007,0.345,0.3867,-66.8945,1.4648,-48.2788
4130439,0.7826,0.2499,0.3652,-51.3916,-5.8594,-48.7671
4130459,0.6688,0.2871,0.4075,-36.0107,-18.1885,-53.2227
4130482,0.4862,0.4236,0.4282,-4.6387,-21.1182,-51.0254
4130502,0.2484,0.3972,0.3943,29.9683,-33.9355,-43.7012
4130522,0.2272,0.4948,0.3348,56.3965,-44.5557,-42.9077
4130542,0.249,0.4958,0.3319,70.4346,-41.0156,-29.541
4130562,0.3553,0.2781,0.3169,78.3081,-32.5928,-18.9209
4130582,0.2134,0.0664,0.2058,75.0122,-0.9155,-14.7705
4130602,0.1117,0.0432,0.264,78.5522,10.2539,-7.6294
4130622,0.8594,-0.2063,0.1898,61.4014,35.1562,3.418
4130642,1.3055,-0.2404,1.1497,-30.7617,79.895,6.7139
4130662,1.0387,-0.4376,0.9855,32.2876,84.2896,0.061
4130682,1.0287,-0.2389,0.8917,67.3218,9.7046,33.02
4130703,1.1455,-0.3811,0.597,69.7021,-39.856,31.0669
4130723,0.8651,-0.3387,0.7061,91.0034,-56.6406,29.9683
4130743,1.1027,-0.3264,0.6709,95.3979,-14.4043,28.1982
4130766,1.2596,-0.3678,0.7966,79.7729,-28.8086,40.6494
4130786,1.2579,-0.4482,0.7256,67.4438,-26.1841,48.5229
4130807,1.1755,-0.4321,0.6726,64.8193,-24.1699,51.6968
4130827,1.0254,-0.3583,0.5857,64.4531,-19.5312,55.481
4130847,0.8645,-0.3326,0.5175,62.1948,-8.4839,64.9414
4130869,0.6837,-0.3502,0.5139,57.8613,-3.7842,66.3452
4130889,0.6053,-0.3765,0.5585,47.3633,-4.0894,63.9038
4130909,0.2731,-0.4503,0.5314,41.9922,-3.7842,60.4248
4130929,0.1609,-0.4589,0.4043,41.748,-5.4321,58.0444
4130952,0.3434,-0.3459,0.3821,29.7241,-8.3008,42.8467
4130972,0.4906,-0.3009,0.3019,17.0898,-10.0098,27.1606
4130992,0.2749,-0.2881,0.3019,10.6812,-15.9302,19.3481
4131012,0.0341,-0.1992,0.2391,-6.1646,-13.2446,13.0005
4131032,0.0919,-0.1237,0.3495,-58.4717,13.4888,10.9253
4131052,0.5168,-0.0931,0.3677,-98.2056,22.8882,11.8408
4131072,1.3214,0.2324,1.6035,-269.4092,111.2061,11.4136
4131092,0.9186,0.1122,0.913,-105.3467,75.4395,-7.3242
4131112,0.7399,0.2755,0.7565,-73.5474,24.4751,12.5122
4131133,0.9204,0.2175,0.7645,-77.4536,-22.3389,-2.1362
4131154,1.1438,0.2007,0.9381,-77.3926,14.2212,0.5493
4131174,1.4187,0.0632,0.803,-70.3125,-61.3403,-32.8979
4131194,1.25,0.0979,0.7615,-73.3032,-57.4951,-45.7153
4131214,1.299,0.1533,0.7286,-70.4346,-35.2173,-51.4526
4131234,1.2338,0.2511,0.6541,-66.3452,-2.3804,-57.0068
4131255,1.183,0.2961,0.6002,-63.5986,-12.5122,-60.4858
4131276,0.9293,0.2803,0.4978,-60.3027,-12.3291,-64.5142
4131296,0.7057,0.2819,0.4913,-50.7812,-19.7144,-66.5283
4131316,0.6062,0.3154,0.5283,-33.9966,-22.583,-65.3687
4131336,0.5514,0.381,0.552,-15.0757,-20.6909,-56.4575
4131356,0.2502,0.4022,0.4865,10.1318,-21.2402,-47.1802
4131376,0.0673,0.4369,0.5005,27.1606,-30.1514,-39.1235
4131396,0.2266,0.4346,0.4198,52.002,-42.6025,-32.7759
4131416,0.3427,0.3612,0.1423,65.979,-18.2495,-22.0337
4131436,0.2361,0.1063,0.193,76.0498,-7.2632,-13.855
4131456,0.1135,0.0186,0.2745,76.5381,2.6245,12.146
4131476,0.407,-0.111,0.3372,77.2705,24.4141,8.2397
4131500,1.2063,-0.4064,0.6511,-7.5073,59.9365,25.8179
4131520,1.0431,-0.3438,1.2656,6.897,91.1865,17.0288
4131540,0.8717,-0.3007,0.8179,63.5376,-18.3716,25.1465
4131564,0.8538,-0.4434,0.726,70.8008,-43.8843,29.1748
4131584,0.7015,-0.4755,0.822,78.9185,-30.8228,34.729
4131604,1.1864,-0.4503,1.021,72.998,-11.1084,25.3906
4131624,1.2159,-0.4039,0.9031,58.7769,-45.2881,40.1611
4131644,1.2428,-0.4618,0.8333,48.4009,-36.1938,47.3633
4131666,1.2371,-0.4689,0.8221,41.626,-17.7612,47.2412
4131686,1.1516,-0.3851,0.7699,42.9688,-12.6343,47.1191
4131706,1.0369,-0.3116,0.6786,42.9688,-13.9771,50.4761
4131726,0.7275,-0.3058,0.6044,40.7715,-18.0054,58.1055
4131746,0.6177,-0.3312,0.6317,31.25,-13.4888,59.082
4131766,0.5197,-0.3826,0.6421,19.6533,-9.0332,56.8237
4131786,0.1919,-0.4265,0.5541,4.0894,-5.8594,53.772
4131826,0.2139,-0.3191,0.3844,9.0942,5.127,45.5933
4131846,0.2689,-0.2902,0.335,21.9116,-3.9673,33.6914
4131866,0.0669,-0.197,0.2983,18.4937,-15.564,20.9351
4131886,-0.0204,-0.0328,0.3064,-9.8267,14.5874,13.0005
4131906,-0.0078,0.0095,0.5028,-43.1519,29.48,13.6719
4131926,0.4021,0.0569,0.8479,-104.4312,49.6826,17.2729
4131946,2.413,0.281,0.1478,-157.5928,73.6694,38.9404
4131970,0.369,-0.0929,0.6434,-90.0879,44.5557,9.8267
4131990,1.0671,0.2307,0.8304,-84.8999,50.1709,11.7798
4132011,0.6003,0.4166,0.7531,-65.3076,-17.5171,-3.6621
4132031,1.0601,0.2592,1.0527,-71.7163,39.978,-0.1221
4132051,1.3949,0.1295,0.8776,-54.0771,-54.8096,-27.771
4132093,1.2323,0.2942,0.7932,-48.584,-23.0713,-47.1802
4132113,1.1456,0.3374,0.7338,-48.2788,5.4932,-57.9224
4132133,1.1129,0.2894,0.652,-45.5322,13.4277,-62.7441
4132153,0.9437,0.2405,0.5406,-33.4473,13.3667,-65.3687
4132173,0.7913,0.2347,0.5143,-25.6348,7.6904,-67.3218
4132193,0.7234,0.2983,0.5471,-6.7139,-1.8311,-65.4297
4132214,0.5907,0.3529,0.4382,9.8267,-8.8501,-56.5796
4132234,0.3162,0.2545,0.35,27.5879,-26.5503,-41.2598
4132254,0.26,0.3613,0.3322,47.4854,-28.8086,-35.0342
4132275,0.3195,0.4147,0.2778,62.5,-24.7803,-19.5312
4132295,0.2332,0.2878,0.3097,68.4204,-17.8833,-2.6855
4132315,0.0767,0.1648,0.2061,85.3271,-17.9443,10.8032
4132335,-0.001,0.0911,0.2255,97.9614,-7.8735,17.5781
4132355,0.405,0.0953,0.1283,94.1772,33.3862,31.7993
4132375,1.551,-0.6603,1.1459,39.856,78.2471,38.0859
4132395,0.7054,-0.2549,0.7516,49.9878,11.3525,37.0483
4132415,0.8206,-0.5463,0.8149,69.2139,-2.7466,46.936
4132435,0.9327,-0.5724,0.7014,89.9048,-31.189,22.3999
4132455,0.7344,-0.4867,0.7792,101.2573,-39.5508,20.1416
4132475,1.3793,-0.4331,0.9149,93.5669,2.6855,33.8745
4132495,1.4547,-0.3939,0.8583,81.2988,-16.4795,44.1284
4132516,1.4498,-0.4976,0.7869,72.876,-24.0479,51.3306
4132536,1.1819,-0.4933,0.7733,62.3779,-19.8975,54.3823
4132556,1.0093,-0.4312,0.7291,52.4902,-8.8501,60.2417
4132579,0.6489,-0.3317,0.6224,47.9736,2.2583,61.8896
4132599,0.551,-0.3267,0.5896,36.3159,14.5264,58.7158
4132619,0.4491,-0.2461,0.6097,30.3955,24.5361,54.2603
4132639,0.2878,-0.2563,0.4753,25.3296,21.5454,54.2603
4132659,0.2272,-0.397,0.4454,23.6816,-0.7935,53.5278
4132680,0.326,-0.631,0.3191,8.728,-7.9956,44.9829
4132703,0.27,-0.478,0.3057,-8.3618,-9.8267,21.7285
4132723,0.1792,-0.3125,0.2473,-10.8643,-1.2817,11.1084
4132743,0.076,-0.1375,0.2671,-20.2637,4.8828,6.7749
4132763,0.1448,-0.0875,0.2422,-57.4951,18.4937,5.4321
4132784,0.5389,-0.0475,0.194,-110.5957,26.1841,5.6152
4132804,1.7686,0.493,2.3402,-303.4668,117.7979,3.7231
4132827,0.4519,0.0931,0.9434,-101.8066,-5.3711,-1.8311
4132847,1.2668,0.0874,0.6873,-93.3228,11.2915,-19.8364
4132867,0.874,0.2645,0.6686,-90.6372,20.6299,-15.2588
4132887,1.4058,0.0507,0.783,-91.7358,-11.4136,-18.1885
4132907,1.3979,0.1558,0.7941,-79.834,-44.6167,-36.6211
4132930,1.3809,0.209,0.7427,-77.2705,-37.7808,-39.0625
4132950,1.432,0.2864,0.7161,-71.106,-7.6294,-49.7437
4132971,1.3905,0.3032,0.6235,-68.4814,-1.1597,-57.7393
4132991,1.1942,0.3285,0.5587,-62.0728,-1.2817,-61.5845
4133014,0.9137,0.267,0.5154,-46.0205,-0.1221,-65.3076
4133034,0.793,0.2534,0.4811,-20.6909,-13.916,-63.4155
4133055,0.5439,0.3435,0.3796,0.2441,-24.4751,-58.4106
4133075,0.3958,0.3146,0.3235,25.2075,-48.7671,-42.9077
4133095,0.2479,0.4027,0.3345,45.0439,-60.4248,-41.8701
4133115,0.2113,0.4303,0.2689,57.373,-73.4863,-35.0342
4133135,0.0577,0.3973,0.1926,57.6782,-74.2798,-21.2402
4133155,-0.1133,0.2423,0.223,62.9883,-37.6587,-1.709
4133175,-0.1025,0.0345,0.3951,75.5615,-17.0288,10.7422
4133195,0.2919,-0.1604,0.446,50.6592,36.9873,15.8691
4133215,1.1042,-0.592,1.3081,1.0376,84.2285,14.8315
4133235,1.1257,-0.3296,0.9913,57.4951,75.1343,7.6294
4133255,0.9574,-0.3092,0.6941,62.439,-4.3945,22.0337
4133279,0.798,-0.3486,0.6311,81.8481,-51.6968,15.4419
4133299,0.8798,-0.3585,0.8235,95.3369,-46.5088,17.4561
4133319,1.3043,-0.3926,0.8494,95.2148,-26.123,25.8789
4133339,1.1884,-0.4374,0.8837,85.2661,-39.6729,47.1802
4133359,1.2266,-0.5762,0.827,74.8901,-32.7148,57.4341
4133382,1.0778,-0.5181,0.7717,65.5518,-15.1978,60.3027
4133422,0.8307,-0.3353,0.6222,55.9082,-1.9531,68.3594
4133442,0.6501,-0.3445,0.6387,49.8047,2.5635,69.458
4133462,0.5042,-0.3925,0.5754,37.4756,3.9673,68.3594
4133482,0.1571,-0.3743,0.4305,25.3296,1.4038,64.3921
4133504,0.0653,-0.3965,0.3035,12.7563,-8.0566,65.4907
4133524,0.2528,-0.4,0.3231,15.1367,-9.7656,46.936
4133546,0.0952,-0.3901,0.2904,17.8833,-9.0942,31.8604
4133566,-0.0575,-0.2648,0.2799,-1.8311,-3.2349,26.4893
4133586,-0.0105,-0.1227,0.353,-34.3628,10.8643,22.8882
4133606,0.2791,-0.0662,0.5825,-88.6841,34.3628,13.6108
4133626,1.1962,-0.1812,0.4545,-159.9731,46.936,15.5029
4133646,1.557,0.3774,1.4493,-117.3096,70.3125,-1.1597
4133666,0.714,0.0638,0.8086,-102.2339,4.2725,7.0801
4133687,1.2053,0.1383,0.7092,-94.7876,25.5737,-13.0005
4133708,0.7633,0.3522,0.6343,-83.252,37.2314,-14.7705
4133728,1.4891,0.0731,0.8539,-75.1953,-39.3066,-24.1699
4133748,1.4037,0.2405,0.8192,-72.0825,-44.1895,-37.4756
4133768,1.3271,0.2521,0.7891,-63.1104,-33.8135,-44.0674
4133828,1.1511,0.2336,0.5302,-51.9409,9.6436,-55.2979
4133848,0.8795,0.2705,0.4292,-40.8325,8.728,-55.7251
4133868,0.7566,0.2944,0.4501,-29.1138,5.3711,-61.3403
4133888,0.6465,0.3795,0.4652,-2.7466,-1.3428,-61.9507
4133908,0.4451,0.3638,0.4293,12.5732,-17.2729,-54.8096
4133928,0.2014,0.3079,0.4099,35.3394,-49.5605,-43.0298
4133949,0.0961,0.4021,0.3378,48.7061,-58.2275,-41.9922
4133970,0.1827,0.3671,0.3328,61.4624,-58.6548,-38.4521
4133990,0.0363,0.3268,0.1809,67.688,-23.3765,-20.0195
4134012,0.0016,0.0157,0.3556,69.2139,-4.4556,-7.8735
4134032,0.2869,-0.2373,0.3848,27.2827,32.959,7.2021
4134054,1.6454,-0.3386,1.5187,19.5923,108.7036,-16.7847
4134075,0.7494,-0.3383,0.8048,54.0161,18.7988,32.2266
4134095,0.9709,-0.3563,0.7959,58.8379,-5.6763,24.8413
4134116,0.6418,-0.3026,0.6337,74.9512,-45.6543,18.7988
4134136,0.6674,-0.2631,0.6802,86.3037,-53.2837,19.043
4134156,1.1819,-0.2087,0.7709,92.1021,-8.9722,31.311
4134176,1.3157,-0.4971,0.8083,72.0825,-20.6299,52.5513
4134196,1.2867,-0.5774,0.7645,59.1431,-24.7192,54.9927
4134216,1.1953,-0.4749,0.699,48.645,-9.0332,58.4106
4134236,1.0265,-0.4303,0.6331,45.4712,1.0376,63.0493
4134256,0.8624,-0.3536,0.5476,41.4429,7.5073,62.9883
4134276,0.6859,-0.3224,0.5656,31.7383,11.5356,61.0352
4134296,0.5914,-0.3595,0.5616,25.5127,7.9346,58.4717
4134316,0.4159,-0.3405,0.4801,15.686,7.5684,51.6357
4134336,0.2786,-0.2957,0.3488,13.9771,8.7891,47.6685
4134356,0.298,-0.3143,0.3378,7.2632,10.0708,40.8325
4134443,-0.0823,-0.0956,0.38,-39.978,12.3901,12.4512
4134463,0.1515,-0.175,0.51,-81.665,28.9917,9.6436
4134483,2.2288,0.2817,1.8818,-334.3506,103.2715,6.1646
4134503,0.8971,0.3502,0.8846,-77.2095,10.498,4.2725
4134523,0.4701,0.0841,0.6469,-46.7529,-5.9814,15.9302
4134543,1.1053,0.3207,0.6874,-66.7725,-1.2207,-14.2212
4134563,1.0337,0.3026,0.7852,-75.5615,58.1055,-9.5215
4134586,1.6542,-0.048,0.7211,-78.5522,-39.5508,-35.5225
4134606,1.4807,0.178,0.754,-66.1011,-49.2554,-46.3257
4134626,1.319,0.2942,0.6667,-56.2134,-27.3438,-49.5605
4134647,1.2776,0.2565,0.614,-52.063,-9.8877,-51.3306
4134668,1.1195,0.2479,0.5095,-44.0063,1.77,-56.9458
4134688,0.9174,0.2352,0.46,-37.6587,5.9814,-58.8379
4134712,0.6783,0.1818,0.4326,-23.0103,4.5166,-55.481
4134732,0.5693,0.2153,0.3729,-5.127,-9.9487,-52.3682
4134752,0.3597,0.2319,0.3668,9.6436,-23.0103,-44.9829
4134772,0.3234,0.2745,0.3896,35.5835,-32.3486,-39.5508
4134793,0.2317,0.319,0.2874,54.0161,-52.063,-34.1797
4134813,0.0902,0.3008,0.2026,56.0913,-51.2085,-23.2544
4134833,-0.014,0.2189,0.2233,61.0962,-33.8745,-13.2446
4134853,0.0199,0.2097,0.2051,68.7866,-15.9912,-1.8921
4134873,-0.1611,0.0809,0.5365,83.0688,12.5732,17.0898
4134894,0.4591,-0.2489,0.5631,62.9272,60.2417,26.7334
4134914,2.8475,-0.7794,1.4452,11.4746,126.0986,5.249
4134934,1.444,-0.5353,0.8301,62.2559,-19.043,64.27
4134954,1.2146,-0.163,0.7354,74.5239,-72.2046,19.104
4134974,0.8356,-0.4,0.6797,90.7593,-54.8096,31.25
4134995,1.292,-0.545,0.819,96.8018,-25.3906,26.9165
4135015,1.3883,-0.4459,0.8258,81.543,-24.6582,47.3633
4135035,1.3983,-0.4967,0.7169,70.1294,-33.02,56.0303
4135055,1.1093,-0.5314,0.6544,63.1104,-31.7383,56.5186
4135077,0.853,-0.3341,0.5668,53.6499,-16.3574,57.251
4135097,0.6959,-0.2941,0.4877,47.3633,-7.1411,58.96
4135121,0.6029,-0.2883,0.4838,34.4238,12.207,58.5938
4135141,0.5231,-0.401,0.4594,17.0288,3.1128,63.5986
4135161,0.3658,-0.3734,0.3792,14.5874,-9.5825,58.8989
4135184,0.1886,-0.3295,0.3472,30.3955,-32.0435,46.5698
4135204,0.0479,-0.334,0.2197,32.0435,-43.9453,38.7573
4135224,-0.0491,-0.4695,0.2899,13.916,-41.3818,18.9209
4135245,0.0461,-0.3135,0.3027,-21.5454,-31.9214,16.1133
4135265,-0.0604,-0.2805,0.38,-69.9463,-3.6621,9.7046
4135286,0.1694,-0.1272,0.5278,-128.0518,32.8979,6.4697
4135306,1.2551,-0.3855,0.4785,-263.6719,103.2104,-2.2583
4135326,2.3254,1.0049,1.3097,-106.0181,96.6797,-26.6113
4135346,0.8158,0.2107,0.7574,-88.4399,16.4185,1.0986
4135366,0.6228,0.2883,0.5973,-86.9141,-20.5688,-20.752
4135386,0.9688,0.3411,0.8724,-86.0596,82.5806,-9.7656
4135407,1.7284,0.1661,0.7928,-78.5522,-20.6299,-24.8413
4135427,1.55,0.1998,0.8362,-73.6084,-60.2417,-35.7666
4135447,1.4592,0.2852,0.7948,-65.5518,-47.6685,-49.6826
4135467,1.3969,0.322,0.7712,-59.5093,-28.4424,-50.2319
4135489,1.21,0.3671,0.6622,-54.1382,-22.0947,-49.8047
4135509,1.0261,0.3363,0.551,-44.1284,-30.9448,-49.0723
4135529,0.7362,0.3055,0.4653,-30.5786,-27.6489,-50.354
4135549,0.626,0.2794,0.4525,-16.5405,-25.5127,-50.5371
4135570,0.4309,0.2782,0.3903,-0.9155,-34.2407,-49.1333
4135590,0.1875,0.3679,0.3771,26.062,-37.8418,-40.5884
4135611,0.1869,0.4324,0.3032,45.8984,-22.583,-33.3252
4135631,0.1655,0.4512,0.2052,61.2793,-7.4463,-27.1606
4135651,0.0706,0.4043,0.2092,77.0874,-6.2256,-18.2495
4135671,0.0044,0.1554,0.2251,86.3037,-6.4697,-8.1787
4135691,-0.0195,0.0596,0.5717,96.4355,-0.4883,3.1738
4135711,0.5385,-0.2761,0.7642,79.9561,42.4194,10.498
4135734,2.5253,-0.6929,0.9141,48.3398,61.7676,5.188
4135754,0.7988,-0.4774,0.8322,75.6836,-13.855,46.5698
4135774,1.1115,-0.5464,0.6415,80.6885,-71.228,12.085
4135794,0.4666,-0.4017,0.7354,100.2808,-51.0864,10.6201
4135814,1.069,-0.2352,0.9364,112.4268,-37.0483,9.3994
4135838,1.2416,-0.5575,1.0179,98.1445,-40.0391,36.1328
4135858,1.2095,-0.6912,0.9441,66.5894,-42.6636,46.4478
4135881,1.0155,-0.7144,0.7899,55.7861,-40.3442,46.814
4135901,0.9213,-0.5831,0.7146,47.4854,-27.771,44.2505
4135921,0.8146,-0.3771,0.6572,39.3066,-16.9678,46.3867
4135941,0.5872,-0.4058,0.6747,32.4097,-13.4277,50.293
4135964,0.4613,-0.5251,0.6433,15.625,-11.4136,52.3071
4135984,0.1113,-0.4916,0.5089,-8.9722,-11.8408,46.6919
4136004,0.0181,-0.4524,0.4768,-21.3623,-1.709,45.166
4136026,-0.0687,-0.3997,0.3666,-28.7476,10.437,39.2456
4136046,0.0535,-0.4261,0.2985,-31.6772,15.8691,27.832
4136068,0.0894,-0.3264,0.2188,-36.8652,12.0239,24.0479
4136088,-0.0044,-0.1721,0.2467,-56.6406,21.7285,17.395
4136108,-0.1069,-0.0975,0.4307,-79.7119,34.8511,9.4604
4136128,0.1718,-0.0062,0.5543,-132.4463,68.4204,5.9814
4136148,3.0239,0.3954,0.7351,-191.6504,56.0303,18.4326
4136168,0.8788,0.0939,0.7051,-114.4409,18.0664,-2.7466
4136188,0.8004,0.3914,0.8842,-113.5864,-3.1738,3.1738
4136208,0.589,0.25,0.7036,-94.7876,19.7754,-14.8315
4136229,0.9949,0.1844,1.1044,-82.5195,-18.6768,-16.0522
4136249,1.5123,0.266,0.922,-77.5757,-39.6729,-26.6113
4136269,1.3729,0.4166,0.9647,-73.3643,-55.7251,-41.3208
4136289,1.282,0.3953,0.8954,-66.04,-36.438,-52.7344
4136309,1.1517,0.3199,0.7697,-56.2134,-21.1182,-63.0493
4136329,0.9202,0.2521,0.6338,-41.5039,-6.7139,-72.1436
4136349,0.7191,0.2626,0.573,-28.6865,-3.2959,-76.7212
4136371,0.5735,0.3104,0.559,-2.7466,-1.8921,-74.7681
4136391,0.4204,0.2773,0.4618,14.0991,-25.3906,-57.5562
4136414,0.1355,0.2722,0.4037,30.6396,-24.7192,-42.5415
4136434,0.135,0.3359,0.371,37.5977,-20.6299,-27.2217
4136454,0.1516,0.361,0.24,41.5649,-4.7607,-21.1182
4136474,0.0988,0.3254,0.2217,51.8188,3.7842,-14.2212
4136494,0.1,0.1337,0.2197,72.6929,0.4883,-0.3662
4136514,-0.0753,0.0208,0.5118,77.5146,12.4512,11.5356
4136534,0.5342,-0.2257,0.8314,64.3311,51.1475,16.2354
4136557,1.9708,-0.325,0.8536,44.3726,66.2231,28.3203
4136577,0.7861,-0.3746,0.7494,65.7959,11.1694,44.0674
4136597,1.1049,-0.2721,0.8268,71.4722,-46.6309,19.4702
4136620,0.6855,-0.3403,0.8514,93.3838,-23.8037,31.5552
4136660,1.2788,-0.5248,0.9937,79.0405,-22.3389,55.1758
4136680,1.2499,-0.5039,0.8909,71.6553,-18.9819,59.5703
4136700,1.0802,-0.4427,0.7225,59.082,-13.0615,60.791
4136743,0.7177,-0.3082,0.605,47.3633,4.3945,65.0635
4136763,0.5811,-0.3521,0.6072,39.6729,5.7983,62.3779
4136783,0.3362,-0.3284,0.4556,29.9683,-0.9155,54.7485
4136803,0.1433,-0.2731,0.3699,25.3296,-5.9814,50.1099
4136823,0.0945,-0.2753,0.366,17.2119,-6.6528,46.5698
4136843,0.1453,-0.3401,0.3142,16.3574,-23.1323,34.79
4136864,0.0114,-0.4287,0.3096,15.0146,-21.3623,21.4233
4136884,-0.0758,-0.2113,0.3241,-12.0239,-8.9722,13.0615
4136904,-0.1425,-0.0533,0.6456,-76.7212,23.5596,-0.3052
4136924,0.0054,-0.095,0.5276,-114.2578,47.3633,-2.8687
4136944,1.25,-0.126,0.8461,-169.7388,73.2422,-4.8218
4136964,1.6625,0.5238,1.0712,-153.9307,83.9233,-20.813
4136984,1.1616,0.0524,0.7919,-114.2578,39.3066,-11.5356
4137004,0.7788,0.2468,0.5953,-92.8955,13.6108,-32.0435
4137024,0.6854,0.3014,0.6194,-99.3042,86.5479,-21.3623
4137044,1.6058,0.1411,0.7736,-96.6797,-12.8174,-43.457
4137084,1.4036,0.3405,0.7633,-85.2661,-34.9121,-61.3403
4137104,1.3784,0.2817,0.7128,-75.9888,-19.9585,-62.8052
4137127,1.2198,0.3286,0.5858,-66.4062,-3.479,-64.8804
4137147,1.0948,0.3412,0.4872,-54.8096,-8.1177,-66.6504
4137167,0.7634,0.3802,0.4061,-41.0156,-10.3149,-70.7397
4137187,0.6045,0.3777,0.4131,-17.334,-17.1509,-72.876
4137207,0.4681,0.3441,0.3671,9.9487,-30.7007,-65.4907
4137227,0.2734,0.2684,0.2986,23.7427,-34.2407,-53.3447
4137247,0.2566,0.3295,0.23,33.9966,-27.3438,-50.9644
4137267,0.0828,0.3217,0.2407,53.3447,-39.4287,-36.0107
4137287,-0.0425,0.3311,0.2231,59.1431,-35.7056,-28.5034
4137307,-0.0461,0.1829,0.3213,47.6074,-20.5078,-1.2207
4137327,0.4037,-0.0522,0.7257,61.8286,27.2827,8.728
4137347,1.9694,-0.762,1.4713,13.1836,91.7969,9.3384
4137367,0.546,-0.0681,0.8002,50.1099,24.0479,17.5171
4137387,1.0603,-0.411,0.8324,57.8613,2.2583,25.8789
4137407,0.8718,-0.2772,0.6831,71.167,-51.6357,21.5454
4137427,0.4441,-0.2957,0.7462,92.7124,-56.7627,26.3062
4137447,0.9897,-0.2496,0.918,100.3418,-16.1133,22.7661
4137467,1.1804,-0.4352,0.8932,81.1768,-22.2778,41.0767
4137487,1.1654,-0.4049,0.8271,63.4155,-27.771,52.3682
4137507,1.0242,-0.4093,0.7487,61.3403,-16.4185,54.1992
4137528,0.8235,-0.3224,0.6608,59.5093,-7.4463,55.1147
4137548,0.694,-0.3149,0.6407,50.8423,3.479,56.5796
4137568,0.5046,-0.3672,0.6121,44.0063,7.1411,52.8564
4137588,0.3574,-0.3979,0.5216,27.4048,8.2397,45.2271
4137612,0.1023,-0.3578,0.421,15.8081,4.9438,42.8467
4137632,0.0623,-0.4263,0.358,-4.2725,1.3428,44.2505
4137652,0.026,-0.5582,0.3905,-21.4844,2.9907,37.4146
4137672,-0.0168,-0.4401,0.3021,-36.1938,12.207,24.231
4137692,-0.1041,-0.2686,0.3076,-70.3735,24.231,13.4888
4137714,-0.0532,-0.1622,0.5198,-100.2808,41.8091,1.8311
4137734,0.6688,-0.0284,0.4922,-146.1792,68.7256,-2.6245
4137754,1.7505,0.3427,1.0652,-111.0229,60.4858,-29.541
4137774,0.8699,0.1146,0.8492,-120.7886,26.7334,-6.2866
4137794,1.2621,0.1144,0.6422,-95.5811,10.1318,-18.8599
4137814,0.8185,0.1254,0.5504,-89.2334,44.9219,-21.6064
4137834,1.5796,0.0846,0.9581,-88.3789,-8.3618,-31.25
4137854,1.5912,0.188,0.7179,-79.4678,-35.3394,-40.5884
4137874,1.5168,0.2499,0.6925,-77.5146,-44.4946,-42.5415
4137894,1.3901,0.34,0.6167,-71.6553,-37.6587,-51.3916
4137914,1.3018,0.3469,0.5923,-69.0918,-24.1699,-55.1758
4137934,1.1345,0.3662,0.5781,-62.0117,-20.5688,-63.6597
4137958,0.771,0.3439,0.4846,-47.2412,-18.5547,-65.6128
4137998,0.3085,0.2676,0.3473,-20.2637,-25.7568,-59.2651
4138155,0.8838,-0.3956,0.8127,36.9263,27.5879,22.0337
4138175,0.8118,-0.1978,0.5901,49.2554,18.9209,14.5264
4138198,1.1044,-0.2926,0.5596,56.5186,-16.4795,16.8457
4138218,0.8441,-0.3262,0.6276,69.7021,-41.0156,29.9072
4138238,1.1515,-0.2657,0.8857,79.9561,-38.6963,37.3535
4138258,1.0898,-0.2365,0.8682,65.0024,-41.8701,46.6309
4138278,1.0968,-0.2886,0.8049,56.0303,-34.0576,55.481
4138298,1.0834,-0.3243,0.7004,49.8047,-21.5454,58.5938
4138318,1.0024,-0.3083,0.6464,45.0439,-16.9678,60.6079
4138338,0.8126,-0.2737,0.5807,40.1611,-15.564,61.5234
4138358,0.6949,-0.287,0.6049,36.9263,-13.6719,57.7393
4138378,0.505,-0.3223,0.5804,27.71,-13.6719,50.8423
4138400,0.1604,-0.3549,0.5229,16.6016,-22.0337,49.6826
4138420,0.0026,-0.3448,0.4473,4.3335,-26.062,48.5229
4138440,-0.0099,-0.3433,0.3828,-9.5825,-2.1973,29.7241
4138462,0.095,-0.1832,0.4272,-21.3013,6.8359,16.9067
4138482,0.0006,-0.1694,0.4415,-29.9072,11.1694,11.4136
4138505,0.0907,-0.1479,0.6434,-64.8804,29.9072,4.9438
4138525,0.8645,-0.1062,0.787,-94.9707,50.7202,-0.1221
4138545,1.4879,0.5315,0.9794,-99.3042,72.937,-28.5034
4138565,0.7448,0.1442,0.83,-65.8569,24.7803,5.4321
4138585,0.943,-0.0594,0.7448,-75.5005,35.4004,8.9111
4138605,0.6348,0.0825,0.6144,-87.4023,26.3672,-18.6157
4138625,1.8333,0.1716,0.8324,-90.332,41.2598,-24.4751
4138645,1.6162,0.3135,0.7804,-73.5474,-30.4565,-45.105
4138665,1.4032,0.3541,0.745,-63.7817,-38.9404,-44.0063
4138685,1.3024,0.3186,0.7051,-57.9834,-35.2783,-45.105
4138705,1.1952,0.2511,0.5933,-55.2368,-19.2871,-52.4292
4138725,1.0762,0.2457,0.5162,-54.2603,-7.2632,-58.7158
4138745,0.8483,0.2643,0.4353,-46.5698,-4.6387,-66.7114
4138765,0.702,0.2793,0.4054,-39.3066,-10.498,-71.7773
4138785,0.6017,0.2784,0.4459,-29.7241,-17.1509,-68.1763
4138808,0.4103,0.2546,0.3739,-12.8174,-29.9072,-57.373
4138828,0.2513,0.2131,0.3716,6.5918,-47.7295,-43.1519
4138848,0.1132,0.3372,0.3846,17.4561,-52.3071,-38.9404
4138868,-0.0419,0.4644,0.2281,32.3486,-46.0205,-35.6445
4138888,-0.0913,0.3806,0.2361,71.7773,-26.8555,-24.4751
4138909,-0.0956,0.1119,0.3461,92.5293,-18.0054,-8.2397
4138929,0.0195,-0.0293,0.7036,53.4668,28.3203,5.249
4138949,1.8556,-0.7994,1.2137,-2.9297,73.6084,-1.0376
4138969,2.1543,-0.1608,1.1984,23.4375,88.4399,-1.0376
4138989,0.9741,-0.4874,0.8367,50.7812,-24.8413,36.2549
4139013,0.7981,-0.2478,0.6934,65.2466,-62.3169,28.5645
4139033,0.6394,-0.2301,0.8131,83.5571,-31.0059,13.6719
4139055,1.1941,-0.2128,0.943,80.2002,-34.6069,23.0103
4139075,1.1198,-0.4347,0.8564,60.3638,-35.6445,49.5605
4139096,1.0913,-0.489,0.833,50.2319,-27.0386,50.9644
4139116,1.0476,-0.4249,0.7675,45.5933,-20.2026,52.124
4139136,0.9658,-0.3201,0.6617,41.2598,-16.7847,58.4106
4139156,0.7292,-0.3328,0.6089,35.2783,-12.4512,59.021
4139176,0.6071,-0.3057,0.6558,27.2827,-10.376,54.0771
4139196,0.4625,-0.308,0.6459,20.5688,-12.8784,51.3306
4139216,0.0405,-0.2819,0.4855,4.6997,-13.6108,48.645
4139236,-0.0127,-0.2562,0.4741,-6.1646,-4.5166,39.6729
4139256,0.0208,-0.3267,0.3524,-6.4697,-1.5259,34.729
4139276,0.1636,-0.2932,0.3606,-8.1177,1.77,24.292
4139296,0.0652,-0.1965,0.3475,-21.9116,10.5591,17.9443
4139316,-0.0291,-0.0604,0.5499,-54.5044,28.2593,12.8174
4139336,0.3185,-0.0908,0.6689,-87.8296,58.1055,10.3149
4139358,2.1199,0.2932,1.3519,-125.6104,65.7959,-0.9766
4139378,0.6799,0.0358,1.0448,-84.7168,7.4463,-13.2446
4139398,0.9954,0.1234,0.8346,-95.9473,27.832,-9.5825
4139422,0.5914,0.3024,0.7703,-97.229,26.2451,-38.6353
4139442,1.7321,0.2162,1.0002,-97.5342,23.1934,-43.0298
4139462,1.5305,0.3654,0.8871,-93.5669,-38.6963,-62.5
4139482,1.1868,0.4381,0.9265,-81.543,-43.0298,-71.9604
4139505,1.0712,0.4587,0.8799,-67.5049,-22.644,-74.1577
4139525,0.9761,0.2972,0.7405,-62.3779,-8.8501,-72.5708
4139567,0.7206,0.2476,0.5396,-41.1377,5.6763,-64.6973
4139587,0.5903,0.2585,0.5,-31.189,0.9155,-62.0117
4139607,0.4784,0.3311,0.425,-7.5684,-11.7188,-54.3213
4139627,0.3226,0.2632,0.3564,8.606,-29.9683,-38.208
4139647,0.24,0.2773,0.3275,29.541,-35.7056,-31.3721
4139667,0.1721,0.2571,0.1984,34.1187,-35.6445,-26.7334
4139687,0.0634,0.2747,0.1772,51.6968,-28.8696,-19.8364
4139708,0.0272,0.2756,0.2206,62.6831,-17.8833,-9.9487
4139728,0.0491,0.12,0.316,77.5757,-1.5869,6.1646
4139748,-0.0061,-0.0679,0.6981,63.5986,25.7568,15.625
4139768,1.4078,-0.7391,1.2288,24.4141,68.3594,20.874
4139788,1.569,-0.0853,1.0374,49.3774,20.3247,46.1426
4139808,1.1051,-0.3831,1.0425,39.856,2.7466,38.6963
4139828,0.7875,-0.2513,0.807,54.5654,-60.5469,32.1655
4139851,0.9196,-0.2181,1.0966,79.895,-32.6538,8.1177
4139871,1.082,-0.234,1.0211,87.7075,-50.5981,12.5122
4139894,1.0129,-0.3403,0.9576,69.397,-20.3857,34.668
4139914,1.0411,-0.4354,0.885,47.7905,-2.8687,45.7153
4139934,0.995,-0.3864,0.7103,44.3726,1.709,47.9736
4139954,0.8085,-0.3121,0.6281,42.3584,1.5259,52.1851
4139974,0.6287,-0.2856,0.5978,33.5693,5.3101,56.4575
4139994,0.4283,-0.3243,0.5985,22.4609,12.3291,53.1616
4140017,0.2535,-0.2773,0.5531,13.7939,9.2773,48.7671
4140037,0.0167,-0.2513,0.4058,8.1177,8.606,45.2271
4140058,0.1345,-0.3655,0.3533,1.8921,13.916,40.8325
4140078,0.2665,-0.4357,0.3027,-9.8267,19.7144,27.8931
4140098,0.2546,-0.3987,0.2799,-15.0757,14.4653,18.7988
4140118,0.0713,-0.24,0.3197,-38.4521,17.6392,11.1694
4140138,0.0194,-0.0809,0.4834,-79.3457,34.3018,0.5493
4140158,0.7789,-0.1257,0.4662,-127.0142,64.6362,6.2256
4140178,3.1208,0.9188,1.5114,-175.2319,92.2852,-0.3662
4140201,0.7959,0.0482,0.9733,-72.5098,-4.3945,14.5874
4140221,1.0367,0.0968,0.8595,-78.3691,-5.7983,-0.4883
4140241,0.6189,0.2599,0.8381,-78.9795,43.8232,-8.0566
4140261,1.5999,0.0648,0.9142,-87.3413,-1.9531,-22.0947
4140283,1.4012,0.2404,0.9066,-87.5244,-33.4473,-40.4053
4140303,1.2887,0.3844,0.8494,-81.3599,-27.0386,-47.2412
4140323,1.1522,0.3964,0.7205,-61.5845,-1.9531,-57.312
4140344,1.0469,0.3246,0.6389,-50.6592,8.1177,-58.7769
4140364,0.9104,0.2826,0.5541,-34.729,15.8081,-59.082
4140384,0.7712,0.271,0.4821,-23.9868,14.5264,-57.4341
4140404,0.5779,0.3411,0.4166,-12.2681,5.4321,-53.5278
4140424,0.4933,0.3588,0.369,6.2866,-25.3296,-40.3442
4140444,0.1915,0.3337,0.2937,17.7002,-37.6587,-32.8369
4140466,0.1648,0.3135,0.3219,26.123,-37.7197,-24.1699
4140486,0.0145,0.3269,0.2607,50.0488,-38.269,-19.5923
4140507,-0.0337,0.3788,0.166,62.0728,-31.7383,-14.0991
4140527,0.0115,0.181,0.2205,71.5332,-8.4839,-9.3994
4140547,0.0439,0.0457,0.3578,75.0122,6.2866,-3.418
4140567,0.2234,-0.1554,0.6925,54.2603,55.542,9.1553
4140587,2.9583,-0.743,1.5823,7.2021,99.1211,5.7983
4140611,0.5374,-0.5001,0.8772,29.2358,-3.8452,39.978
4140631,1.017,-0.5497,0.8845,69.0308,-54.9927,5.7373
4140651,0.5515,-0.2817,0.8328,91.3086,8.1177,9.2163
4140674,1.356,-0.274,1.0093,100.5859,-19.4702,6.1646
4140694,1.1691,-0.347,0.9448,79.3457,-16.3574,38.208
4140714,1.1449,-0.3987,0.8724,60.6079,-9.0942,53.6499
4140734,1.0938,-0.4312,0.7191,50.8423,-5.3711,61.0352
4140754,0.8563,-0.3738,0.5734,50.1709,-0.7324,64.27
4140774,0.7313,-0.3096,0.5062,47.9736,6.897,67.1997
4140794,0.5232,-0.3134,0.439,47.3633,17.8223,69.458
4140814,0.5,-0.3264,0.3947,41.3208,20.0806,67.3828
4140837,0.3573,-0.3164,0.3784,30.5786,13.855,60.1196
4140857,0.2452,-0.2871,0.3218,35.4614,3.54,49.7437
4140877,0.1292,-0.2924,0.2175,31.189,-10.0708,44.7998
4140898,0.1737,-0.3862,0.2058,25.6348,-22.0947,43.7622
4140918,0.2312,-0.3115,0.2449,-6.7749,-15.625,38.6963
4140938,0.0361,-0.2795,0.3424,-26.6113,-5.0659,31.6162
4140958,0.114,-0.103,0.6354,-80.5664,21.6675,18.4326
4140978,2.0555,0.2295,0.5737,-111.6943,29.9072,22.1558
4140998,1.5706,0.3865,1.3102,-115.9058,26.7944,18.9819
4141020,1.1532,0.0983,0.9647,-41.1987,-16.2964,15.1367
4141040,0.8618,-0.0146,0.8507,-49.3164,-14.1602,-8.4229
4141060,1.0427,0.1763,1.0759,-53.1006,18.3716,-17.5171
4141080,1.4202,0.197,0.9309,-44.3726,-42.4194,-30.8838
4141101,1.2657,0.1959,0.9143,-36.6211,-49.4995,-38.4521
4141121,1.2505,0.1083,0.8286,-23.2544,-38.0859,-41.687
4141142,1.0566,0.1049,0.7487,-15.625,-29.3579,-45.4712
4141162,0.762,0.0576,0.5793,-10.2539,-17.6392,-45.4712
4141182,0.6541,0.1008,0.5151,-4.9438,-13.855,-38.3301
4141202,0.5383,0.097,0.498,4.4556,-10.2539,-32.0435
4141222,0.3717,0.1031,0.5201,25.8179,-12.085,-23.3154
4141242,0.2268,0.0536,0.4489,36.6821,-13.9771,-14.3433
4141262,0.1116,0.1075,0.3756,42.9077,-18.3105,-5.3101
4141282,0.1688,0.163,0.3579,46.6919,-7.7515,1.4648
4141304,0.204,0.226,0.3535,60.1807,-7.7515,7.019
4141324,0.1959,0.207,0.3049,78.3081,-5.249,19.043
4141344,0.0839,0.1573,0.2728,90.4541,0.6714,28.6865
4141364,0.0869,-0.0327,0.314,94.7266,13.4277,36.438
4141384,0.3623,-0.3599,0.2898,80.0171,36.2549,44.6777
4141404,2.4746,-0.9181,1.308,-42.2363,85.6934,25.3296
4141424,0.3956,-0.6406,0.9139,60.9741,18.7988,40.5884
4141446,0.8854,-0.3226,0.7526,65.4907,-47.4854,23.1323
4141466,0.7589,-0.2864,0.7379,79.4067,-26.2451,15.7471
4141486,1.2661,-0.1924,0.895,97.7783,-30.9448,17.0288
4141509,1.212,-0.3116,0.9327,95.2148,-21.7896,40.0391
4141529,1.1677,-0.5016,0.8409,81.3599,-17.0288,64.6362
4141549,1.0829,-0.5734,0.7391,71.9604,-11.4136,67.9932
4141571,0.9502,-0.5516,0.5742,59.9976,-1.0376,66.1011
4141591,0.7205,-0.4227,0.4962,53.2227,5.7983,64.3921
4141611,0.5775,-0.3849,0.4607,50.5981,12.9395,61.4014
4141634,0.436,-0.3749,0.453,43.6401,15.4419,52.8564
4141655,0.1887,-0.4072,0.4077,43.1519,3.2349,48.2788
4141675,0.1704,-0.4315,0.3059,30.5786,0.8545,39.6118
4141695,0.1481,-0.3472,0.2499,25.4517,-1.9531,36.5601
4141715,0.0881,-0.2939,0.2147,20.9351,-8.4839,33.9355
4141735,0.1444,-0.3066,0.2212,9.9487,-1.0986,27.6489
4141755,0.1914,-0.2454,0.2373,-24.8413,6.4697,22.644
4141777,0.0741,-0.1633,0.3835,-45.5933,15.8081,14.6484
4141797,0.34,-0.2003,0.6155,-105.2246,56.1523,6.6528
4141817,2.2374,-0.6354,0.3358,-147.3999,65.979,0.4883
4141837,1.4142,-0.0227,0.8547,-111.6943,22.1558,-7.5073
4141857,1.2943,0.2633,0.9907,-103.2104,25.5127,4.0894
4141877,0.8326,0.2367,0.7917,-95.7642,-15.0757,-12.5122
4141900,1.3929,-0.0077,0.8953,-89.0503,-22.2168,-27.0996
4141920,1.2506,0.1492,0.8344,-86.3647,-41.5039,-41.687
4141940,1.2039,0.2214,0.8467,-74.2798,-32.959,-47.1802
4141963,1.1646,0.196,0.7717,-62.6831,-12.8174,-52.6123
4141983,1.1289,0.196,0.6526,-58.0444,1.3428,-52.3071
4142003,1.0135,0.1715,0.59,-53.0396,1.4648,-50.4761
4142023,0.8073,0.2,0.4509,-44.0674,1.9531,-51.3916
4142045,0.7067,0.1982,0.3945,-35.6445,2.6245,-53.4058
4142065,0.5197,0.252,0.417,-16.3574,-6.4697,-59.2041
4142085,0.3837,0.2739,0.3549,-1.8311,-15.686,-56.5796
4142105,0.2104,0.3148,0.3263,11.4746,-19.2261,-45.2881
4142125,0.1654,0.2502,0.2913,25.7568,-0.4272,-37.1094
4142145,0.1576,0.2499,0.2379,33.8745,-7.2632,-32.1655
4142165,0.1837,0.1925,0.1578,33.3862,-7.6904,-22.2778
4142185,0.2365,0.0802,0.1392,35.4004,4.2725,-13.2446
4142205,0.1014,0.0586,0.2947,51.8799,11.1694,-7.9346
4142229,0.3165,-0.3062,0.6193,54.1382,26.3672,0.6714
4142249,2.6478,0.11,0.9214,-13.1226,85.4492,-10.5591
4142269,1.1075,-0.4501,1.0125,16.5405,-16.0522,22.7661
4142289,1.2246,-0.3693,0.7653,35.2783,-75.1953,0.9155
4142309,0.6385,-0.2045,0.8022,46.5698,-34.1797,4.3335
4142329,1.1407,-0.1879,0.9769,65.1855,-44.5557,-10.3149
4142353,1.2267,-0.2915,0.9766,61.4014,-47.7295,9.0942
4142373,1.2168,-0.4142,0.9502,37.5366,-22.3999,30.0903
4142393,1.1454,-0.3872,0.7715,31.25,-10.6201,31.4941
4142413,1.1281,-0.3782,0.6752,25.2686,-0.8545,32.2876
4142433,0.8679,-0.2794,0.5754,16.0522,3.6621,32.959
4142453,0.6619,-0.2573,0.5399,8.7891,10.6201,28.5034
4142473,0.5304,-0.2488,0.5624,3.418,12.146,23.9868
4142493,0.2723,-0.2609,0.4879,-8.7891,13.855,19.3481
4142513,0.1038,-0.2848,0.4222,-17.8223,12.6343,15.1978
4142533,0.1268,-0.3192,0.3838,-20.9961,8.1787,9.4604
4142553,0.2129,-0.4044,0.3145,-23.3765,3.6621,1.709
4142573,0.2419,-0.3766,0.2566,-38.3301,5.9204,-3.54
4142593,0.2079,-0.1829,0.2048,-50.0488,9.8267,-9.6436
4142613,0.0574,-0.1189,0.3804,-84.6558,27.6489,-18.4326
4142633,0.4734,-0.0514,0.4434,-115.3564,53.1616,-17.395
4142654,2.6464,0.6177,1.0504,-164.3066,60.8521,-17.395
4142674,0.6046,0.1914,0.7566,-87.7075,2.5024,-6.8359
4142696,0.9645,0.1836,0.7489,-95.3369,-14.5874,-3.9673
4142716,0.8365,0.2924,0.7062,-99.2432,32.3486,-25.1465
4142736,1.63,0.3583,0.9042,-100.8301,-4.8828,-38.5742
4142756,1.5562,0.332,0.808,-102.5391,-36.1328,-60.1196
4142779,1.4108,0.4681,0.8555,-93.811,-40.8325,-73.3643
4142799,1.3054,0.5063,0.7924,-82.0312,-21.4233,-79.2236
4142819,1.1973,0.4758,0.7245,-73.1812,-10.0098,-81.604
4142839,1.0411,0.4493,0.5966,-66.5283,-5.9814,-81.2988
4142859,0.7925,0.3556,0.5065,-57.1289,-2.3804,-82.8857
4142879,0.6755,0.3052,0.4943,-49.9878,-8.3008,-83.4961
4142902,0.4849,0.3798,0.5115,-35.0342,-11.0474,-81.3599
4142922,0.2644,0.3644,0.4752,-17.395,-12.8174,-69.0918
4142942,0.1249,0.339,0.4188,-5.249,-12.8174,-59.5093
4142982,0.1877,0.2856,0.2974,7.6294,0.6714,-45.4102
4143002,0.1399,0.149,0.2821,22.7661,-0.8545,-42.7246
4143022,0.0492,0.1128,0.3059,38.4521,7.3853,-33.0811
4143043,0.0668,-0.0995,0.3547,57.1899,17.5781,-24.6582
4143063,0.8909,-0.5146,0.502,46.6919,36.0107,-15.9302
4143083,2.7225,-0.2833,1.0782,-2.3804,62.1338,-9.7656
4143105,0.7212,-0.3298,0.9067,18.3105,29.0527,21.1792
4143125,1.2225,-0.3351,0.769,25.6958,-53.772,-3.7842
4143145,0.8994,-0.1613,0.9738,41.8091,-46.0205,-12.3291
4143165,1.1788,-0.1379,0.9702,57.4951,-40.1001,-6.5918
4143186,1.269,-0.2097,0.9208,51.4526,-20.0195,9.0332
4143209,1.2271,-0.2817,0.829,38.5132,-14.5874,23.4375
4143229,1.1675,-0.272,0.728,35.1562,-9.8877,27.5269
4143249,1.0942,-0.2733,0.6476,32.4707,-6.7749,35.7666
4143269,0.7894,-0.2864,0.5792,27.6489,-4.1504,38.3301
4143289,0.6782,-0.3381,0.6063,13.4888,1.8311,36.9263
4143309,0.6129,-0.3679,0.6125,2.4414,0.1831,32.1655
4143331,0.287,-0.3369,0.4872,-9.2773,-1.4038,28.1372
4143353,0.2356,-0.3762,0.4087,-26.4893,7.4463,18.8599
4143373,0.3416,-0.4235,0.3392,-34.6069,2.6245,10.3149
4143393,0.3506,-0.3173,0.2996,-35.5225,1.4038,5.9814
4143414,0.2241,-0.1919,0.333,-39.978,6.4087,-0.5493
4143434,0.0876,-0.1141,0.2859,-53.772,11.9629,-5.3711
4143454,-0.0366,-0.1758,0.3489,-88.6841,29.48,-4.3945
4143474,0.2969,-0.2458,0.4603,-104.8584,42.9688,-2.2583
4143494,1.7976,0.2506,0.8312,-96.5576,41.4429,-18.1885
4143515,0.7638,0.3125,0.844,-82.0312,7.8125,-19.104
4143535,0.7594,0.2161,0.8016,-105.7129,9.2163,0.4272
4143555,0.9133,0.3418,0.6606,-112.7319,5.3101,-19.6533
4143575,1.2104,0.2943,0.8132,-104.248,34.1187,-26.4282
4143595,1.4899,0.2257,0.7147,-103.6377,-34.0576,-55.2979
4143615,1.3334,0.3424,0.7637,-94.1162,-47.1802,-66.8945
4143635,1.3043,0.4423,0.749,-87.5244,-39.4287,-68.7256
4143655,1.2784,0.4265,0.7284,-77.3926,-26.6113,-68.6646
4143675,1.1857,0.4025,0.6809,-70.0684,-29.1138,-68.4814
4143695,0.9594,0.3961,0.5803,-62.3169,-31.0669,-68.1763
4143716,0.808,0.359,0.5164,-56.6406,-32.7759,-68.1763
4143736,0.7135,0.3586,0.5974,-42.1753,-39.5508,-66.9556
4143756,0.519,0.4093,0.661,-29.7852,-37.4756,-61.5845
4143776,0.2463,0.4526,0.5831,-11.2915,-32.3486,-49.3164
4143796,0.0948,0.4401,0.5464,-0.4883,-25.2075,-43.0908
4143816,0.0591,0.427,0.4952,12.5732,-18.1885,-40.1611
4143856,0.1622,0.2104,0.3501,41.626,12.085,-21.6675
4143876,0.106,0.0986,0.3503,56.7627,17.6392,-18.6768
4143899,0.2069,-0.1835,0.4722,63.9038,34.668,-7.4463
4143919,0.9518,-0.3835,0.9417,12.207,78.7964,-13.6108
4143939,1.1737,-0.4331,0.8766,30.7007,44.1895,2.7466
4143959,0.8472,-0.2628,0.7908,46.0815,9.3384,8.667
4143979,0.8594,-0.4784,0.6744,41.3208,-38.6353,2.4414
4143999,0.5105,-0.2797,0.7612,40.6494,-43.2129,-7.7515
4144020,1.032,-0.1729,0.9343,49.4385,-25.9399,-10.8032
4144041,1.1587,-0.1445,0.9053,43.8232,-32.2266,0.3662
4144061,1.1187,-0.2661,0.8828,41.748,-26.1841,25.6348
4144081,1.0996,-0.3788,0.884,42.8467,-20.5688,36.438
4144101,1.0087,-0.3644,0.826,39.917,-17.8223,38.8794
4144121,0.9236,-0.3621,0.7476,35.7056,-14.0381,39.856
4144141,0.7693,-0.2988,0.6628,32.5317,-9.8877,37.2314
4144181,0.5475,-0.3325,0.6875,23.8647,-6.897,36.8652
4144201,0.4226,-0.3892,0.6096,11.5967,-1.4648,36.0718
4144221,0.2034,-0.3888,0.5305,2.9907,3.9062,32.8979
4144242,0.1271,-0.363,0.507,-4.0894,7.4463,27.771
4144262,0.1056,-0.3007,0.4159,-9.3994,17.0288,20.6909
4144282,0.05,-0.2574,0.3539,-13.4277,27.0386,17.2119
4144304,0.0505,-0.2334,0.2719,-24.7803,33.1421,14.8315
4144324,0.0684,-0.2008,0.2462,-47.5464,46.3257,12.8784
4144344,0.0314,-0.2705,0.4419,-58.2886,58.0444,7.9346
4144364,0.5806,-0.2319,0.4532,-95.2759,57.0679,7.6904
4144384,1.3505,0.0333,0.921,-206.8481,100.708,-6.8359
4144404,0.807,0.1476,0.8419,-120.0562,59.2651,14.8926
4144424,0.9836,0.0966,0.6978,-109.436,53.4058,5.127
4144444,0.9059,0.2579,0.6692,-103.5767,-0.061,-12.146
4144484,1.5519,0.2217,0.7015,-91.0645,-17.4561,-31.1279
4144504,1.3744,0.3463,0.6904,-77.6978,-45.166,-44.3726
4144525,1.338,0.3722,0.6654,-72.6929,-35.0342,-45.2271
4144545,1.3301,0.3419,0.6492,-66.4673,-20.1416,-45.0439
4144565,1.2369,0.2434,0.6002,-63.1104,-19.2261,-47.8516
4144585,1.1411,0.2515,0.5272,-60.1196,-22.3389,-52.6733
4144605,0.9001,0.2698,0.422,-57.0068,-36.7432,-59.021
4144625,0.751,0.283,0.429,-46.4478,-44.9219,-62.3169
4144645,0.6339,0.3696,0.4491,-20.5078,-54.7485,-65.4297
4144665,0.4635,0.451,0.4724,1.5869,-52.1851,-56.4575
4144685,0.4536,0.4901,0.5187,6.5308,-44.4946,-45.4712
4144705,0.26,0.5128,0.4408,17.9443,-39.1846,-36.377
4144725,0.131,0.4231,0.3634,26.9165,-16.6626,-27.5879
4144748,0.1385,0.3215,0.3761,46.814,-4.3335,-24.8413
4144768,0.0229,0.1637,0.3964,60.3638,6.2256,-13.9771
4144791,0.1807,-0.1382,0.6462,54.5044,21.2402,-4.8828
4144812,0.8352,-0.468,1.014,24.231,51.1475,-0.9155
4144836,0.9521,-0.1803,0.9117,11.1694,45.5933,-6.4697
4144856,0.8654,-0.3533,0.6648,36.8042,-3.8452,-0.1221
4144876,0.782,-0.4232,0.6934,46.0205,-30.3955,-9.2163
4144896,0.66,-0.2516,0.7736,52.1851,-33.5083,-2.6245
4144919,1.0337,-0.3231,0.8611,74.2188,-17.8833,6.7749
4144939,1.0548,-0.3463,0.8115,66.6504,-20.9961,23.7427
4144963,1.1018,-0.3566,0.7388,55.8472,-14.4043,36.6211
4144983,1.0706,-0.3291,0.7438,51.8188,-11.7188,42.2363
4145005,0.9854,-0.3096,0.7825,49.6216,-5.0659,51.0254
4145025,0.8824,-0.2917,0.6729,51.0254,-5.4321,57.1899
4145045,0.7864,-0.3052,0.6094,48.2788,-4.5166,61.0352
4145068,0.6971,-0.3075,0.6206,37.8418,-4.3335,60.1807
4145088,0.5553,-0.333,0.6857,24.8413,-0.6104,55.8472
4145108,0.2866,-0.3463,0.6182,22.2168,0.7935,56.5186
4145130,0.1328,-0.4358,0.5643,12.3291,-3.3569,51.7578
4145150,0.1786,-0.4984,0.4604,13.6719,-5.3711,41.5649
4145170,0.213,-0.4541,0.3979,10.376,1.8311,29.48
4145190,0.1733,-0.3284,0.3695,-0.4883,11.3525,15.1978
4145235,0.4907,-0.0052,0.6917,-68.9087,43.9453,12.3901
4145255,1.0812,0.0242,0.8821,-226.4404,70.1904,19.7754
4145275,0.312,0.115,0.8148,-63.9648,24.7803,23.0103
4145295,0.9275,0.1893,0.8169,-94.5435,39.3066,29.1138
4145315,0.9209,0.3018,0.78,-85.9375,23.4375,6.4697
4145335,0.7351,0.2654,0.7729,-78.6133,11.2305,-5.7983
4145355,1.0634,0.196,0.8357,-77.8809,10.9863,-14.7705
4145375,1.1758,0.1467,0.7571,-68.9697,-22.3389,-26.001
4145395,1.2793,0.1869,0.7186,-68.7866,-28.5645,-28.3813
4145415,1.2955,0.2461,0.7371,-65.6128,-23.5596,-37.8418
4145438,1.1716,0.2491,0.6913,-67.0166,-18.7378,-47.0581
4145458,1.126,0.3087,0.6039,-63.1104,-13.9771,-59.2041
4145478,1.0237,0.324,0.5757,-58.8989,-16.3574,-62.6221
4145498,0.8811,0.313,0.5198,-52.6733,-19.8364,-66.1621
4145518,0.6698,0.3719,0.4872,-41.8091,-21.8506,-67.8101
4145538,0.6218,0.4238,0.5269,-26.123,-18.1274,-65.2466
4145561,0.5297,0.4482,0.5426,-3.1128,-16.9678,-59.5093
4145581,0.3834,0.4307,0.4783,11.5967,-14.4653,-54.6875
4145604,0.283,0.4822,0.425,23.4375,-17.1509,-47.5464
4145624,0.3618,0.4465,0.3099,27.9541,5.6763,-33.5693
4145644,0.2926,0.2058,0.2933,39.856,13.9771,-27.4048
4145664,0.2426,0.043,0.2958,51.2695,17.5171,-20.0195
4145684,0.4167,-0.0508,0.3458,56.4575,28.0762,-9.8877
4145707,0.8405,-0.2469,0.5732,-0.8545,57.373,-9.0332
4145727,0.8713,-0.2754,1.0814,15.3198,66.2842,-14.1602
4145747,0.6904,0.0708,0.6343,67.5659,2.2583,-2.2583
4145767,0.9833,-0.3174,0.6046,70.8618,-18.1885,-3.6011
4145787,0.7446,-0.3611,0.6195,85.5103,-38.147,-1.8311
4145807,0.7529,-0.3605,0.6887,88.4399,-32.6538,7.2632
4145830,0.9714,-0.381,0.8066,76.6602,-13.0615,18.1274
4145850,1.1399,-0.405,0.8334,62.7441,-34.8511,34.3628
4145870,1.1843,-0.5847,0.7217,54.7485,-32.2876,41.1987
4145890,1.1665,-0.587,0.7371,50.5371,-25.9399,44.3115
4145910,1.1447,-0.4506,0.755,39.1846,-20.6909,49.7437
4145930,1.0618,-0.4395,0.7014,32.1655,-17.2729,52.9785
4145950,0.9169,-0.3953,0.66,29.9683,-20.4468,52.1851
4145970,0.7946,-0.3508,0.6707,25.0244,-18.7988,53.0396
4145990,0.623,-0.3574,0.6333,19.2261,-16.2964,55.1758
4146014,0.3042,-0.3644,0.4766,5.0659,-12.085,57.251
4146034,0.1907,-0.4043,0.4092,-11.0474,-5.0049,57.4341
4146054,0.1937,-0.3961,0.3655,-9.8267,-2.3193,47.5464
4146074,0.1592,-0.3158,0.326,-4.5166,-2.1362,41.4429
4146094,-0.0227,-0.1783,0.3164,-18.3105,7.2021,25.6958
4146116,-0.0098,-0.0403,0.444,-50.9644,25.0854,18.5547
4146139,0.3713,0.05,0.7332,-97.5952,34.4849,14.2822
4146160,1.2474,0.3295,1.0369,-174.1333,56.2134,6.897
4146180,0.5356,0.0482,0.7491,-125.9155,40.8936,-3.2349
4146200,0.7922,0.0656,0.7404,-105.6519,27.4048,-9.9487
4146220,0.8062,0.3251,0.568,-77.8198,34.8511,-11.7798
4146240,0.4955,0.3174,0.5372,-62.0117,12.207,-19.2871
4146260,0.8911,0.3058,0.8464,-68.1763,53.9551,-3.9062
4146283,1.4692,0.0951,0.7805,-60.0586,-28.9917,-27.2217
4146303,1.4374,0.1742,0.6971,-57.7393,-36.9873,-38.8184
4146324,1.4512,0.2561,0.675,-54.5654,-25.8789,-44.7388
4146344,1.3763,0.249,0.5908,-51.9409,-17.5171,-47.8516
4146364,1.2358,0.2415,0.547,-45.6543,-19.104,-51.3916
4146384,1.1393,0.2501,0.5046,-38.4521,-23.2544,-57.312
4146405,0.8486,0.3186,0.5209,-27.0996,-27.0386,-62.2559
4146425,0.5636,0.3361,0.5338,-3.6621,-31.25,-59.5703
4146445,0.3481,0.4015,0.4904,20.752,-35.7666,-59.5093
4146465,0.3015,0.3973,0.4756,41.5039,-35.9497,-57.251
4146485,0.2738,0.4174,0.3999,54.6265,-39.0015,-44.0063
4146505,0.2513,0.3823,0.2039,59.5093,-25.1465,-28.4424
4146525,0.0814,0.274,0.1777,68.5425,-8.606,-8.667
4146545,-0.1117,0.0212,0.4462,70.6787,6.1646,1.5869
4146569,0.285,-0.0936,0.7643,56.3965,48.9502,5.9814
4146591,0.928,-0.4559,0.8313,21.3013,68.0542,6.3477
4146611,1.1951,-0.3213,0.7218,32.7148,52.9175,8.3618
4146632,1.0713,-0.2688,0.6029,56.3965,9.0942,16.4795
4146652,0.9257,-0.4235,0.5759,72.5098,-31.6162,10.9863
4146675,0.7261,-0.4615,0.8066,81.3599,-29.8462,20.0195
4146696,1.1558,-0.4258,0.9362,79.5898,-9.0332,40.1611
4146716,1.2966,-0.3497,0.9254,73.1201,-32.6538,60.4248
4146739,1.2681,-0.495,0.7914,69.2139,-36.0718,66.4062
4146759,1.1428,-0.5729,0.7188,64.6973,-20.1416,66.4673
4146779,1.0391,-0.4635,0.6027,55.6641,-13.1226,67.688
4146799,0.9585,-0.4102,0.5045,48.2178,-10.2539,73.0591
4146821,0.7611,-0.3755,0.5614,38.208,-2.7466,74.3408
4146841,0.5776,-0.3878,0.5454,30.3955,-4.0894,73.4863
4146861,0.3547,-0.3754,0.4973,10.376,-0.6104,69.3359
4146884,0.1295,-0.3679,0.38,1.709,4.8218,61.5234
4146904,0.1554,-0.3517,0.386,10.437,-4.8828,44.5557
4146924,0.1362,-0.3042,0.4015,25.8789,-33.9355,32.7148
4146944,0.0703,-0.2222,0.4995,26.4893,-33.5693,24.9023
4146964,0.0067,-0.0691,0.2142,28.9307,-10.7422,18.2495
4146984,-0.0278,-0.0889,0.1616,4.3945,16.5405,12.3291
4147006,0.34,-0.1393,0.3768,-57.1289,20.9961,11.9629
4147026,1.0608,-0.0742,0.04,-153.8696,15.5029,15.564
4147046,0.8733,0.1663,0.9932,-68.6646,76.6602,-15.3198
4147066,0.5394,0.2629,0.8606,-67.4438,-10.6201,4.2725
4147086,1.0063,0.1169,0.7877,-69.8853,10.2539,-2.6245
4147106,0.5115,0.3855,0.8501,-65.0635,8.606,-3.3569
4147126,1.4559,0.0131,0.941,-65.918,3.54,-3.2349
4147146,1.3184,0.1346,0.9537,-57.7393,-51.4526,-36.2549
4147166,1.2203,0.267,0.9058,-57.251,-50.2319,-37.0483
4147187,1.2854,0.2732,0.8398,-54.1992,-12.9395,-47.7295
4147207,1.2438,0.2371,0.7819,-50.4761,2.8076,-54.6875
4147229,1.0762,0.1953,0.6022,-46.0205,5.4321,-57.1899
4147252,0.824,0.1859,0.5624,-36.3159,9.5825,-61.8896
4147272,0.7123,0.2153,0.548,-17.1509,7.8735,-63.1104
4147292,0.5452,0.2855,0.5177,-0.1221,-0.4272,-59.9365
4147313,0.3196,0.3177,0.4166,31.3721,-15.4419,-52.002
4147333,0.2485,0.3352,0.3495,41.0156,-20.3247,-46.2646
4147353,0.2662,0.3667,0.252,44.1895,-31.9824,-40.9546
4147376,0.0494,0.2462,0.1448,48.8281,-20.874,-20.3247
4147396,-0.069,0.1305,0.2241,69.9463,-7.5073,4.3335
4147420,-0.1165,0.1676,0.3993,69.2749,25.0244,15.0146
4147440,0.6653,-0.3809,0.7742,32.6538,67.9932,8.606
4147460,2.16,-0.0686,1.5293,15.0757,97.168,-1.8921
4147483,0.6188,-0.1733,0.7733,96.8628,-3.3569,30.7007
4147503,0.8774,-0.3502,0.5194,96.1304,-21.1182,18.4326
4147527,0.9216,-0.4302,0.5826,96.3745,-33.2031,17.334
4147547,1.1267,-0.425,0.6085,94.4824,-22.9492,32.7759
4147567,1.3176,-0.4347,0.7308,88.6841,-36.8652,45.105
4147587,1.2172,-0.5931,0.7131,81.604,-48.2788,59.4482
4147607,1.0797,-0.6129,0.7008,65.5518,-35.8276,66.4673
4147629,0.9962,-0.527,0.636,59.8145,-19.165,65.6738
4147649,0.8406,-0.4381,0.6025,53.4668,-12.0239,65.4297
4147669,0.7029,-0.4188,0.5931,48.8892,-7.7515,65.4907
4147689,0.5532,-0.4082,0.5632,37.9028,-6.1035,65.1855
4147709,0.2855,-0.4183,0.4534,30.8228,-8.4229,62.5
4147729,0.1844,-0.5031,0.4309,18.6157,-3.8452,54.5044
4147749,0.1957,-0.4308,0.3635,17.0288,-1.4648,48.0347
4147769,0.1158,-0.2504,0.3809,18.0664,-9.7046,40.1001
4147789,0.0671,-0.1958,0.3634,13.855,-9.3994,40.5884
4147809,-0.0695,-0.1311,0.29,-0.7935,0.8545,36.0107
4147829,-0.0328,-0.1398,0.3781,-35.0342,19.7754,31.0059
4147849,0.9019,-0.3221,0.4304,-124.5117,48.7671,25.0854
4147869,2.5811,0.4683,1.6278,-214.2944,104.3701,14.5264
4147889,0.5071,0.0511,0.8502,-82.2754,-0.9766,4.1504
4147909,0.917,0.045,0.6989,-87.8296,19.4092,4.4556
4147930,0.7037,0.0986,0.6943,-81.4209,24.231,-6.0425
4147950,1.2616,0.1287,0.8687,-83.313,53.7109,0.0
4147970,1.3684,0.1217,0.7257,-62.2559,-19.2871,-14.6484
4147994,1.313,0.1169,0.7421,-55.603,-43.5181,-18.0664
4148015,1.288,0.1885,0.6682,-53.4058,-27.3438,-29.0527
4148036,1.2788,0.1417,0.6449,-56.3354,-13.7939,-32.5317
4148056,1.2729,0.1163,0.6141,-54.8096,-5.6152,-43.7622
4148077,1.0718,0.1981,0.5774,-44.2505,-5.3711,-51.6357
4148097,0.8755,0.2275,0.5623,-36.3159,-5.3101,-55.0537
4148117,0.6112,0.2961,0.5045,-21.6064,-14.8315,-55.8472
4148137,0.3696,0.3114,0.4254,10.1929,-28.8086,-55.6641
4148158,0.2629,0.3961,0.47,35.6445,-34.668,-53.4058
4148178,0.3086,0.3666,0.3313,50.0488,-45.7764,-39.1235
4148199,0.0464,0.3304,0.1584,48.0347,-33.3252,-23.3154
4148219,-0.2058,0.061,0.2994,55.603,-4.2114,-6.2256
4148242,-0.0635,0.0325,0.4946,45.5322,33.5083,12.146
4148262,0.5297,-0.1119,0.6787,16.2964,69.5801,23.3765
4148282,2.2776,-0.0114,1.5354,15.8081,119.3237,30.4565
4148302,0.7251,-0.1136,0.8374,72.1436,3.6621,34.2407
4148322,1.0857,-0.0944,0.6261,77.3315,-8.9111,35.0952
4148342,0.8439,-0.0983,0.5444,95.0317,-26.5503,42.6636
4148362,0.8102,-0.2478,0.6298,105.2246,-47.4243,47.0581
4148382,1.1268,-0.2134,0.7546,97.4121,-18.5547,52.124
4148402,1.2917,-0.2932,0.8011,80.8105,-38.4521,68.5425
4148442,1.192,-0.366,0.714,66.8335,-29.541,66.2842
4148462,1.0653,-0.3596,0.6604,63.0493,-19.8975,63.3545
4148482,0.9329,-0.311,0.5967,57.9834,-11.0474,57.4341
4148502,0.7203,-0.3022,0.5599,46.0815,-9.2773,53.2227
4148522,0.5488,-0.3467,0.4979,32.1655,-9.2163,46.9971
4148542,0.3853,-0.3378,0.4188,20.6909,-9.6436,40.2222
4148562,0.2358,-0.3175,0.3623,13.3667,-13.3057,38.0859
4148582,0.1814,-0.267,0.3461,7.9956,-23.3765,41.0767
4148602,-0.0173,-0.3053,0.3075,9.1553,-29.7852,42.6636
4148625,-0.1487,-0.1901,0.3044,6.1035,-10.9253,24.0479
4148645,-0.2418,-0.1719,0.3561,-39.0625,15.1978,10.6201
4148667,-0.0602,-0.0082,0.7603,-97.1069,39.7339,5.4932
4148687,0.7539,0.004,0.6217,-133.9722,48.7671,9.8877
4148707,0.9318,0.2542,1.0873,-88.7451,80.0171,8.8501
4148727,0.7716,0.4012,0.8566,-67.8711,-7.9956,19.9585
4148747,0.733,0.1711,0.8287,-50.4761,-62.439,-22.522
4148767,0.0497,0.2937,0.9231,-49.8657,48.584,-13.3667
4148787,1.4232,0.184,0.8861,-55.2368,-27.4658,-26.3062
4148807,1.3778,0.2396,0.8986,-49.6826,-46.7529,-35.7666
4148827,1.2946,0.3303,0.7998,-50.415,-44.4946,-43.0908
4148848,1.1732,0.3763,0.7529,-47.7295,-33.9966,-55.7251
4148868,1.0541,0.3444,0.6833,-44.9829,-6.2866,-68.9697
4148888,0.9572,0.3345,0.5637,-36.1328,4.0894,-74.5239
4148908,0.8054,0.3051,0.5355,-27.4048,5.4321,-75.0122
4148928,0.6445,0.3254,0.5369,-17.5171,2.7466,-72.6929
4148948,0.4347,0.3105,0.436,0.1831,-12.207,-64.3921
4148971,0.2175,0.3068,0.4039,18.9819,-20.9351,-59.9976
4148994,0.2428,0.3521,0.3906,42.4194,-26.3062,-50.415
4149014,0.2087,0.3455,0.2966,52.002,-28.6255,-41.2598
4149034,0.1526,0.2645,0.1809,55.7251,-17.5171,-34.3628
4149054,0.1407,0.1394,0.2427,59.3872,-1.709,-22.3999
4149074,0.1243,-0.0662,0.455,63.7817,24.0479,-15.0757
4149094,1.4772,-0.2595,1.2838,-0.9766,69.8853,-27.2217
4149114,0.6331,-0.277,0.8314,65.7349,31.8604,15.3198
4149135,1.0188,-0.2006,0.7769,75.3784,1.0376,15.9912
4149155,0.9944,-0.3591,0.6658,86.4868,-43.1519,20.4468
4149175,0.7729,-0.428,0.6429,88.8672,-57.8613,26.1841
4149196,0.9984,-0.4343,0.8898,93.2617,-23.5596,34.668
4149216,1.264,-0.4623,0.9431,75.6836,-26.3672,43.335
4149236,1.1978,-0.4899,0.8737,64.209,-37.2314,50.1099
4149256,1.1202,-0.5042,0.7869,54.4434,-28.5645,54.8706
4149279,0.9408,-0.4271,0.6591,48.9502,-20.752,60.8521
4149299,0.7708,-0.3848,0.6039,41.9312,-9.6436,68.8477
4149320,0.7,-0.4031,0.5679,34.9121,-6.6528,69.458
4149340,0.6006,-0.4161,0.5872,26.001,-5.249,65.7959
4149360,0.3241,-0.3993,0.4408,18.8599,-3.418,59.021
4149380,0.1968,-0.3854,0.4032,13.2446,2.5635,55.0537
4149400,0.1553,-0.3073,0.364,13.1226,1.6479,53.3447
4149420,0.0615,-0.3197,0.3635,20.752,-25.2686,48.8281
4149440,-0.0723,-0.2913,0.2742,-2.3193,-6.897,34.1187
4149460,-0.0547,-0.1305,0.3658,-33.2031,7.9956,27.0386
4149480,-0.0593,-0.1484,0.6245,-68.2983,28.8086,17.9443
4149500,0.3792,-0.1537,0.6658,-145.4468,60.6079,18.0054
4149522,2.3846,0.5497,1.849,-232.605,109.7412,4.7607
4149542,0.8755,0.4076,0.9408,-88.9893,25.8179,1.9531
4149562,0.9183,0.2095,0.774,-77.6367,23.6206,7.8735
4149582,0.3396,0.2632,0.6176,-63.5376,24.6582,-3.6621
4149602,1.2841,0.0829,0.9589,-71.167,0.3662,-12.5122
4149622,1.4956,0.2164,0.7567,-70.7397,-44.8608,-53.1006
4149643,1.403,0.3585,0.774,-70.8618,-55.1147,-57.9224
4149706,0.9473,0.3011,0.5614,-56.9458,-10.7422,-82.3975
4149726,0.7511,0.304,0.5126,-36.6821,-5.9204,-83.8623
4149746,0.6449,0.2756,0.5237,-21.5454,1.4648,-79.7729
4149766,0.5696,0.316,0.5291,-9.2773,-7.2632,-71.167
4149786,0.3833,0.3341,0.4515,23.4985,-27.4048,-64.3921
4149806,0.2241,0.3552,0.4023,37.9639,-39.1846,-50.293
4149826,0.2828,0.4089,0.288,49.8657,-36.377,-46.2036
4149850,0.1204,0.3625,0.183,68.1152,-25.2075,-27.3438
4149870,0.0117,0.2207,0.2972,69.3359,-16.8457,-6.7139
4149890,-0.066,-0.0896,0.5485,75.9888,-2.9297,5.6763
4149910,0.653,-0.3433,0.5507,1.4648,74.646,13.6108
4149930,1.6737,-0.807,1.118,12.6953,96.8018,18.6768
4149950,0.7937,-0.3661,0.8873,64.9414,-22.0947,21.5454
4149971,0.8561,-0.4838,0.6934,72.876,-54.8096,15.7471
4150011,1.1262,-0.328,0.9474,85.7544,4.5166,38.8794
4150031,1.1992,-0.4257,1.0037,68.4204,-5.7983,46.0815
4150051,1.1382,-0.5419,0.9055,54.6265,-19.043,54.0771
4150071,1.0171,-0.5161,0.8424,45.7153,-12.5122,58.7769
4150094,0.8528,-0.2888,0.7257,41.9922,-1.709,61.9507
4150114,0.6862,-0.2284,0.6279,41.1377,5.9814,67.2607
4150135,0.576,-0.2828,0.655,35.1562,14.2212,66.3452
4150155,0.3997,-0.4043,0.5463,16.1743,11.1694,60.9131
4150215,0.1848,-0.3271,0.2135,11.2915,-7.4463,33.2642
4150235,0.1796,-0.28,0.2544,3.418,-4.3335,29.6021
4150255,0.0253,-0.1479,0.271,-7.6904,6.7139,24.6582
4150275,-0.0106,-0.0557,0.2566,-25.5127,18.3716,22.3389
4150295,-0.0142,-0.0409,0.436,-54.4434,35.2783,18.0054
4150316,0.9238,-0.2958,0.1688,-118.9575,62.561,9.8267
4150336,3.0961,0.7366,2.0138,-128.0518,119.0186,-12.3901
4150356,0.594,0.2192,0.8523,-95.0317,0.4883,10.6812
4150376,1.2261,0.0211,0.6741,-88.0127,22.522,2.0752
4150396,0.8413,0.2616,0.5591,-78.7354,18.9209,-17.2729
4150420,1.5499,0.1136,0.8815,-74.1577,25.4517,-10.9253
4150440,1.4489,0.293,0.8541,-59.2651,-64.5142,-42.5415
4150460,1.4565,0.2148,0.7893,-54.4434,-47.0581,-43.2129
4150480,1.3402,0.2084,0.7657,-52.9175,-23.6816,-51.6968
4150500,1.2422,0.2069,0.6768,-50.5371,-9.2163,-57.251
4150520,0.8514,0.283,0.5234,-36.3159,-5.3101,-61.4014
4150540,0.6794,0.3254,0.4747,-23.0713,-2.5635,-60.4858
4150560,0.5776,0.3646,0.4757,-9.7046,0.1831,-59.3872
4150580,0.4886,0.3762,0.4451,7.1411,-23.6816,-52.3071
4150602,0.3784,0.2985,0.3147,31.25,-33.1421,-42.6636
4150622,0.2869,0.2723,0.3329,51.0864,-49.0112,-36.2549
4150642,0.1494,0.2086,0.2028,56.2134,-30.2124,-26.7334
4150662,0.094,0.1705,0.2126,66.7725,-26.001,-19.4092
4150682,-0.0292,0.0725,0.3746,76.0498,-11.4746,2.9297
4150702,0.0922,-0.0421,0.5944,74.8291,40.1611,14.8315
4150722,1.3488,-0.6445,0.6886,20.5078,89.9658,2.1973
4150742,1.1273,-0.6052,1.0343,37.4756,11.2305,37.2925
4150762,1.0054,-0.3492,0.6493,64.3921,-15.0146,21.5454
4150782,0.9093,-0.4351,0.5756,81.7261,-34.668,20.874
4150806,0.8499,-0.5519,0.7289,93.0176,-23.1934,42.0532
4150826,1.3115,-0.4283,0.88,82.6416,-21.6675,48.2178
4150846,1.2284,-0.5081,0.8627,67.3828,-33.4473,58.7769
4150866,1.1494,-0.5117,0.7568,53.4058,-27.832,64.1479
4150886,0.9619,-0.3361,0.6913,54.0771,-18.4937,66.8335
4150910,0.762,-0.2671,0.5718,52.4292,-6.2256,73.6694
4150930,0.623,-0.3218,0.4867,44.8608,-2.8687,76.9043
4150950,0.5291,-0.3768,0.4742,40.2832,-0.1831,73.2422
4150971,0.3564,-0.427,0.4387,29.3579,-1.709,66.3452
4150992,0.1389,-0.3779,0.3445,18.6768,-18.4937,63.4155
4151012,0.0708,-0.2222,0.2772,32.7148,-29.2358,50.5981
4151032,-0.0358,-0.2982,0.2792,23.6816,-23.1323,42.4194
4151052,-0.0542,-0.2719,0.2802,5.8594,-12.6953,33.2642
4151072,-0.1052,-0.2312,0.2675,-46.936,8.667,23.7427
4151092,0.2769,-0.4817,0.4659,-114.8071,32.2876,17.2119
4151112,1.7803,-0.2118,1.0923,-200.7446,71.5332,4.1504
4151136,0.3005,0.1101,0.7816,-47.7295,18.2495,-30.0293
4151156,1.0671,0.1321,0.9694,-79.7119,16.7236,2.8687
4151176,0.6107,0.1708,0.8168,-86.6089,-3.1738,-20.3857
4151196,0.7686,0.233,1.0085,-87.0972,63.4155,-13.9771
4151218,1.6465,0.2556,0.9213,-82.5806,-20.3857,-44.8608
4151238,1.4333,0.3219,0.9287,-75.6226,-44.3726,-55.1758
4151258,1.3442,0.3265,0.8557,-67.4438,-27.4048,-61.8896
4151278,1.3472,0.2605,0.7172,-64.8804,-1.1597,-71.6553
4151318,0.8726,0.2373,0.4982,-40.4053,10.3149,-76.9043
4151353,0.5234,0.2394,0.3683,-14.5874,17.5171,-74.585
4151373,0.313,0.1943,0.3447,7.5684,-11.4746,-69.2139
4151393,0.2479,0.2423,0.3253,48.7671,-44.2505,-57.5562
4151413,0.1941,0.163,0.3313,60.0586,-80.1392,-49.5605
4151433,-0.036,0.213,0.0789,39.4897,-41.4429,-34.3628
4151453,0.0236,0.1222,0.2017,35.0342,-22.8271,-21.7285
4151473,-0.101,0.2791,0.1888,61.7676,-8.4229,-13.0005
4151493,-0.0529,-0.0563,0.8099,59.8755,41.5649,-1.8921
4151513,1.5675,-0.6624,0.8398,-11.3525,110.1074,-3.2349
4151536,1.1383,-0.5615,0.7657,55.542,46.2036,23.3154
4151556,0.9147,-0.1733,0.7666,71.3501,4.5166,24.7192
4151576,1.14,-0.2521,0.6613,81.7871,-19.2261,28.9917
4151596,1.0229,-0.4855,0.7084,90.8813,-45.4102,41.8701
4151616,1.417,-0.4435,0.726,81.4209,-18.3105,42.2363
4151636,1.4126,-0.5107,0.7168,70.1294,-22.0337,54.9927
4151656,1.3485,-0.6123,0.6593,61.5845,-31.9214,65.7959
4151676,1.002,-0.4111,0.6157,60.3638,-21.4844,70.4956
4151696,0.8917,-0.3055,0.5951,55.1147,-1.5259,75.8057
4151718,0.6555,-0.3162,0.5447,48.8892,5.3711,75.5615
4151738,0.4954,-0.3607,0.5212,38.147,8.1787,72.2656
4151758,0.3518,-0.3407,0.4452,35.8276,7.9346,64.6973
4151779,0.1726,-0.2009,0.314,38.5132,2.1973,58.1665
4151799,0.1318,-0.1346,0.2834,42.2974,-10.0098,58.8989
4151819,0.1405,-0.2072,0.3038,43.6401,-23.1934,56.2134
4151842,0.0745,-0.3038,0.3354,39.7949,-28.9307,47.4854
4151862,0.0156,-0.4153,0.1161,9.7046,-5.188,35.9497
4151924,1.8346,0.7056,1.2516,-156.9214,143.8599,-55.1147
4151944,0.7692,0.0925,0.8108,-77.6978,-4.6997,8.9111
4151964,1.1625,0.0585,0.8053,-85.6323,12.8174,0.4883
4151984,0.7556,0.3302,0.5918,-76.7212,46.2646,-9.5215
4152004,1.7876,-0.0038,0.9015,-78.5522,-9.8877,-14.7095
4152027,1.4684,0.2563,0.8514,-69.3359,-59.3872,-45.9595
4152047,1.4257,0.1611,0.7537,-48.8281,-34.8511,-48.8892
4152067,1.2915,0.2238,0.668,-59.1431,-13.6719,-57.8003
4152089,1.0364,0.2235,0.578,-52.124,-1.77,-62.0117
4152109,0.8344,0.2352,0.4961,-42.2363,2.2583,-63.9038
4152132,0.5867,0.3154,0.4244,-22.583,14.3433,-63.0493
4152152,0.4608,0.2986,0.3474,-3.7231,-6.2866,-53.2837
4152172,0.3075,0.2339,0.3354,27.2217,-44.7998,-43.1519
4152194,0.2469,0.2791,0.2554,33.6304,-55.4199,-42.3584
4152214,0.1086,0.3019,0.1091,43.5181,-38.3911,-31.6162
4152235,0.0404,0.3634,0.183,63.2324,-28.5645,-18.5547
4152255,-0.0857,0.166,0.1799,76.1108,-16.7847,-8.4229
4152277,-0.03,0.0378,0.3591,62.0728,17.8833,-0.061
4152297,0.5051,-0.2906,0.5034,2.6245,69.3359,8.4229
4152317,3.0999,0.0023,1.2849,-20.874,154.9072,-20.4468
4152337,0.5273,-0.3359,0.7628,57.5562,-2.0752,47.4854
4152357,1.2751,-0.2924,0.6316,67.9932,-54.8706,23.4375
4152377,1.0172,-0.3972,0.5934,73.4863,-74.7681,30.2734
4152397,1.0073,-0.5747,0.8214,77.0874,-72.5098,27.832
4152417,1.2213,-0.3928,0.8861,74.1577,-41.0156,37.3535
4152437,1.2637,-0.426,0.8606,58.8989,-39.0625,52.4292
4152457,1.1451,-0.4624,0.7396,56.5186,-38.4521,58.1055
4152477,1.0066,-0.3689,0.6827,54.5654,-16.4795,60.0586
4152498,0.8915,-0.3197,0.6567,49.8047,-9.2163,64.4531
4152518,0.7767,-0.3701,0.66,38.0859,-8.728,68.1763
4152538,0.4183,-0.41,0.5491,31.7993,-15.564,67.0166
4152558,0.2362,-0.3796,0.449,26.3672,-9.2773,66.04
4152578,0.0834,-0.3726,0.3708,19.5312,-6.2866,57.6782
4152598,0.0896,-0.2709,0.2825,16.0522,-10.7422,51.3916
4152618,0.0023,-0.2382,0.27,9.5215,-13.0615,45.2271
4152638,-0.0261,-0.1884,0.2422,-6.7139,-1.3428,36.9873
4152658,-0.0862,-0.2101,0.3844,-63.8428,22.644,29.6021
4152678,-0.1246,-0.2314,0.5533,-125.3662,51.3306,13.4888
4152698,1.0637,-0.0034,0.4867,-156.1279,64.8193,5.0049
4152720,3.0276,0.6925,1.4161,-120.8496,59.6313,-14.6484
4152740,0.8458,0.2515,0.9408,-115.4785,5.249,7.5073
4152763,0.984,0.1541,0.6057,-88.562,-1.3428,-33.3252
4152783,0.7031,0.3026,0.6489,-94.6045,85.5103,-17.0288
4152803,1.6067,0.0712,0.7681,-82.4585,-33.6304,-38.7573
4152824,1.5613,0.2798,0.7231,-81.2378,-49.1333,-41.9922
4152844,1.552,0.332,0.7008,-70.0684,-51.1475,-45.105
4152864,1.3933,0.2812,0.6024,-60.0586,-26.8555,-57.4951
4152884,1.2175,0.2939,0.5365,-54.6265,-20.3857,-62.6221
4152904,0.9751,0.2997,0.4415,-43.396,-11.5967,-68.5425
4152926,0.6606,0.2887,0.4062,-30.9448,-3.6011,-70.1294
4152946,0.5571,0.301,0.427,-12.3901,-2.2583,-69.2139
4152966,0.3716,0.3486,0.3173,5.7983,-33.5083,-55.1147
4152987,0.3088,0.3152,0.2939,34.4849,-56.4575,-45.5933
4153007,0.1453,0.3605,0.3135,49.2554,-65.6128,-43.9453
4153027,0.1102,0.3883,0.1353,50.5981,-58.7769,-35.7056
4153047,0.0098,0.401,0.335,54.8706,-36.0107,-15.686
4153070,0.0428,0.2694,0.2982,76.5991,-21.1182,3.3569
4153090,0.0708,0.027,0.6545,65.4907,23.1323,14.0991
4153110,1.5527,-0.4802,0.9734,7.019,80.0781,7.4463
4153134,1.0947,-0.6121,0.7661,55.481,20.2637,38.0249
4153154,1.028,-0.2676,0.8068,81.9702,-25.2686,29.541
4153174,0.7764,-0.3632,0.7539,98.1445,-51.8799,34.5459
4153198,0.8738,-0.5265,1.041,108.7036,-42.2974,42.9077
4153218,1.302,-0.3584,0.9578,92.5903,-14.5874,48.1567
4153238,1.3203,-0.3954,0.9297,77.1484,-23.5596,60.6079
4153258,1.2684,-0.5803,0.7788,69.7632,-19.6533,67.1387
4153278,1.1096,-0.4315,0.6879,64.8804,-9.7046,69.0918
4153298,0.7928,-0.337,0.6381,57.9834,-4.3335,72.3267
4153318,0.7213,-0.3905,0.5858,46.5698,-0.4272,75.2563
4153338,0.6115,-0.3887,0.5371,36.1328,-2.1362,70.4956
4153360,0.2562,-0.3674,0.4821,29.2358,-2.8076,64.209
4153380,0.0614,-0.3258,0.3949,29.7852,-7.6294,55.6641
4153402,0.001,-0.3251,0.3555,22.9492,-13.0615,53.833
4153423,0.0348,-0.3352,0.3351,10.9863,-16.4185,42.8467
4153443,0.0016,-0.2726,0.2125,-30.2734,6.7139,28.4424
4153464,0.0398,-0.2041,0.2817,-62.8052,23.3154,19.4702
4153484,0.1086,-0.1332,0.6145,-107.605,51.6357,9.3384
4153504,0.9087,0.0063,0.6593,-134.0332,74.5239,11.2305
4153524,1.3546,0.4885,0.9426,-109.2529,94.8486,-0.061
4153544,0.6163,0.0468,0.5017,-81.8481,29.541,10.3149
4153565,0.9254,0.2057,0.4908,-70.5566,-5.6152,-14.0991
4153585,0.616,0.464,0.7133,-69.458,35.7056,-12.5122
4153605,1.5808,0.1318,0.7714,-70.3735,-36.0718,-27.71
4153627,1.3601,0.3695,0.7971,-54.6875,-73.7305,-49.5605
4153647,1.4233,0.354,0.7421,-54.9927,-52.9175,-55.2368
4153667,1.2838,0.3335,0.7295,-53.5278,-33.5693,-57.373
4153687,1.1923,0.3052,0.6754,-48.4619,-25.0244,-60.8521
4153707,0.9009,0.2866,0.5856,-32.2266,-26.6113,-67.627
4153727,0.6389,0.2614,0.5763,-4.2725,-30.5176,-71.7163
4153747,0.4915,0.267,0.5822,0.6104,-39.4897,-73.4253
4153767,0.2682,0.3071,0.4658,18.8599,-53.4058,-69.1528
4153787,0.1996,0.3352,0.3583,46.7529,-45.166,-51.5137
4153807,0.1758,0.2863,0.2893,59.6924,-44.0063,-38.6963
4153827,-0.162,0.2474,0.1704,70.1904,-31.189,-20.5688
4153847,-0.3535,0.3684,0.3428,82.5806,-13.9771,6.4087
4153868,-0.131,0.0259,0.583,91.4917,7.8125,8.667
4153888,0.1006,-0.0831,0.8325,48.4619,55.7251,15.686
4153909,1.4631,-0.905,0.6901,29.0527,85.6323,13.6108
4153929,1.8186,-0.2321,0.9255,56.2134,44.7998,35.1562
4153949,1.1071,-0.3123,0.6736,73.6084,-2.3193,37.6587
4153970,0.8496,-0.5811,0.6083,82.6416,-36.438,33.4473
4153990,0.8134,-0.6669,0.7471,84.4116,-23.0713,38.9404
4154010,1.3494,-0.5327,0.9216,79.1016,-11.7798,46.3257
4154030,1.4033,-0.5468,0.9056,72.0215,-35.7056,62.1948
4154053,1.2778,-0.595,0.8258,63.0493,-30.2124,67.4438
4154073,1.1354,-0.541,0.7299,54.3823,-22.0337,69.5801
4154093,0.957,-0.4221,0.6259,41.5039,-8.3618,70.6177
4154113,0.7794,-0.4021,0.5807,35.0342,-6.5308,70.9839
4154133,0.6714,-0.4222,0.5691,20.9351,-3.6011,68.2373
4154153,0.4167,-0.3677,0.517,11.9629,-5.7983,62.9272
4154173,0.1295,-0.3367,0.4003,1.8921,-9.7656,62.7441
4154195,-0.1122,-0.2515,0.3975,3.3569,-13.7329,60.73
4154215,-0.0833,-0.2131,0.391,17.7002,-26.7334,56.7017
4154235,-0.0574,-0.3083,0.2253,-5.7983,-23.1934,38.0249
4154255,-0.1898,-0.278,0.249,-31.1279,12.3901,20.5078
4154275,-0.1273,-0.123,0.6763,-89.7827,55.542,3.7231
4154295,0.3241,0.0751,0.772,-119.6899,63.7817,1.77
4154319,3.3457,0.9075,1.8859,-246.3379,91.8579,5.0659
4154339,0.9395,0.2698,0.7432,-82.8857,27.6489,6.2256
4154359,1.0867,0.2509,0.6887,-70.8008,24.4141,-1.6479
4154379,0.5212,0.3121,0.5275,-68.4204,-3.8452,-20.0195
4154399,1.0326,0.3209,0.7606,-70.2515,67.2607,-13.4277
4154419,1.4213,0.1807,0.7723,-70.3735,-44.1284,-35.6445
4154439,1.3357,0.2864,0.7465,-62.8662,-57.5562,-38.269
4154459,1.2737,0.3247,0.7072,-54.1382,-39.5508,-47.6685
4154479,1.2474,0.25,0.6151,-57.1899,-24.1089,-58.7158
4154499,1.1603,0.2148,0.5756,-52.8564,-8.0566,-66.7725
4154519,0.843,0.2415,0.5275,-45.105,-1.8311,-70.6787
4154539,0.6821,0.2839,0.5546,-26.123,2.1362,-74.3408
4154561,0.4396,0.3453,0.4792,-12.207,-1.8311,-73.9136
4154581,0.2032,0.4119,0.4044,21.2402,-30.3345,-69.8853
4154605,0.1865,0.4165,0.3942,46.814,-47.2412,-60.6689
4154625,0.1499,0.4423,0.3164,52.4902,-53.4668,-56.5186
4154645,0.0006,0.2874,0.1033,56.7627,-22.1558,-25.7568
4154665,0.228,0.0533,0.3809,66.2842,12.3291,-10.0708
4154685,0.2123,0.0029,0.7456,59.082,32.6538,-1.6479
4154705,0.9874,-0.3439,0.7061,36.3159,79.1016,-7.1411
4154726,1.9338,-0.2368,1.0045,50.1099,65.7349,20.5688
4154746,0.849,-0.2174,0.6617,73.5474,-10.7422,29.1748
4154768,0.9945,-0.2583,0.5056,79.1016,-39.0015,33.9966
4154788,0.6322,-0.3695,0.6219,89.5386,-50.1099,41.3208
4154808,0.724,-0.4186,0.7026,90.0269,-9.5825,46.875
4154828,1.2532,-0.4612,0.8092,77.5757,-27.71,48.2788
4154848,1.3115,-0.5081,0.7676,62.3169,-45.105,61.4624
4154868,1.2992,-0.5155,0.71,56.1523,-37.9028,61.1572
4154888,1.2102,-0.4635,0.7374,54.5044,-29.0527,56.2134
4154910,1.1097,-0.4055,0.7316,52.7954,-22.522,57.0679
4154930,0.8839,-0.3481,0.6674,46.5698,-18.7378,61.3403
4154950,0.619,-0.3314,0.6367,40.7104,-14.7095,62.0117
4154970,0.4122,-0.3729,0.5823,35.0342,-11.2915,61.8896
4154992,0.2048,-0.3589,0.5634,23.9868,-8.606,57.9224
4155012,0.1486,-0.4058,0.5004,9.5825,-1.5259,49.3164
4155033,0.1864,-0.3271,0.4237,12.9395,-6.7139,49.5605
4155053,0.1658,-0.2942,0.3955,22.7661,-9.5215,41.0156
4155074,-0.0457,-0.3346,0.2726,8.9111,-0.9766,30.6396
4155094,-0.126,-0.27,0.2939,-49.8047,26.9165,15.5029
4155114,0.2014,-0.1808,0.5111,-67.8711,37.4146,-11.4746
4155134,0.6094,0.0052,0.7498,-120.4834,76.0498,-1.77
4155154,1.531,0.5507,1.9613,-207.4585,123.4741,-0.1831
4155174,0.2875,-0.0121,0.7561,-102.1118,14.3433,11.4136
4155194,1.0988,0.1732,0.7513,-91.6748,52.6123,-11.1694
4155218,0.486,0.3423,0.6183,-81.9702,1.8311,-23.0713
4155238,1.3077,0.0864,0.7434,-82.0312,8.0566,-26.8555
4155258,1.1869,0.1187,0.7094,-66.5894,-48.4009,-42.4805
4155278,1.2373,0.1375,0.6257,-63.4155,-44.6777,-35.9497
4155298,1.2495,0.2375,0.6093,-59.021,-25.4517,-47.6685
4155319,1.1515,0.2474,0.5487,-62.439,-7.1411,-51.9409
4155339,1.0371,0.2585,0.4484,-57.6172,-2.6855,-55.603
4155359,0.9393,0.244,0.4176,-49.3164,-2.7466,-59.082
4155379,0.7877,0.2834,0.4387,-33.5693,-2.0752,-62.8052
4155399,0.6985,0.3091,0.5144,-25.0854,-7.9346,-63.3545
4155419,0.5283,0.3923,0.5601,-8.8501,-23.6816,-59.2651
4155439,0.1742,0.4611,0.4716,3.8452,-35.5225,-52.9785
4155462,0.3097,0.5133,0.2855,33.5693,-32.1655,-43.1519
4155482,0.2977,0.3588,0.2808,36.0107,-11.7798,-30.2124
4155504,0.1997,0.1505,0.2531,66.6504,-6.5308,-11.4136
4155524,0.1494,0.1086,0.3287,85.7544,11.3525,-2.2583
4155544,0.3306,0.0719,0.3228,91.4917,37.9639,9.0332
4155564,1.4615,-0.4319,0.7906,22.3389,67.3218,16.1133
4155585,1.4136,-0.6506,0.9642,13.0005,54.9927,9.9487
4155605,0.848,-0.2891,0.7847,64.0869,-22.522,22.522
4155625,1.0823,-0.2848,0.6592,80.8105,-59.4482,25.8179
4155645,0.7938,-0.3815,0.6801,90.21,-56.9458,26.7944
4155669,0.9679,-0.4681,1.002,90.5762,-19.4702,28.9307
4155689,1.2362,-0.4847,0.9818,67.9932,-36.377,35.5225
4155709,1.2236,-0.4885,0.8774,53.9551,-38.9404,46.0205
4155729,1.1588,-0.506,0.7919,47.1802,-29.1138,47.6685
4155749,0.998,-0.3917,0.7516,48.0957,-21.8506,53.4668
4155771,0.8518,-0.3345,0.675,39.917,-5.4932,62.1338
4155791,0.7522,-0.3065,0.6305,29.9072,2.1362,67.1387
4155811,0.6158,-0.3516,0.6332,22.2778,1.0986,65.6128
4155831,0.3466,-0.365,0.5034,17.2729,-2.0142,61.4014
4155851,0.1692,-0.3512,0.3848,8.8501,-0.7935,56.9458
4155871,0.0189,-0.3037,0.3411,7.0801,-5.0049,46.6919
4155891,0.0004,-0.4302,0.3231,4.6387,-31.4331,38.6353
4155913,-0.0433,-0.3865,0.2054,-18.0054,-27.6489,23.0713
4155933,0.0389,-0.0677,0.2474,-41.8091,2.7466,5.4932
4155953,-0.0055,-0.0884,0.345,-71.106,26.9165,0.3052
4155973,0.6606,-0.1514,0.4169,-134.3384,65.0024,-4.8828
4155993,2.2295,0.9052,1.3129,-221.4966,132.4463,-25.3906
4156016,0.423,0.2212,0.9579,-58.7769,3.7231,-20.752
4156036,0.7273,0.2528,0.9403,-61.8896,4.2725,15.3809
4156056,1.0336,0.3361,0.8141,-66.7114,18.2495,-17.334
4156076,0.9823,0.2976,0.9916,-66.9556,45.8374,5.7983
4156097,1.5463,-0.0006,0.814,-69.397,-50.1099,-27.5879
4156117,1.4556,0.2012,0.8071,-64.0869,-34.668,-39.6729
4156137,1.3693,0.3347,0.7216,-56.6406,-17.2119,-49.5605
4156157,1.1897,0.3859,0.6748,-44.8608,-7.3853,-54.9316
4156177,1.0317,0.3606,0.5977,-38.6353,3.1128,-62.9883
4156197,0.9229,0.3177,0.5681,-26.7334,16.9678,-66.4673
4156217,0.6876,0.3502,0.548,-16.1743,12.8784,-64.0259
